Type,Age,Energy,Playfulness,Curiosity,Affection,Outdoor Time,Interaction Time,Weight,Puzzle Time,Reaction Time,Retrieval Rate,Intelligent,Intelligence
Orange,12,5.3028734926814565,4.200593987617503,4.690533061321914,6.450055943360697,4.630354297647953,3.862321647444958,3.831680346476275,23.781382869860117,3.615982076682664,88.68728155625936,False,78.89005565507682
Orange,2,7.536013664367905,7.345078369121477,7.984864196199624,1.6400707645339865,7.046872877302624,1.2046956444022847,4.121097196084958,12.280801220035253,2.397626404788938,100.0,False,96.84569892514476
Orange,1,5.442174592690696,4.425032499966113,5.229775827827542,4.546627506665109,7.335820057550194,2.2952525418359673,3.9868966448977146,25.26754495188196,2.553870386254711,86.24520856034592,False,105.8401765056595
Calico,12,6.536084934622135,8.238550084906258,6.630221079628345,3.426528014923077,8.112876180939196,1.7935512059846372,5.382176176543719,15.604169027497948,1.10700213136333,100.0,True,135.2598009187072
Orange,14,2.7486153314662936,1.1104279537420192,1.0,8.564161280743068,3.713342519603695,5.0,5.543615562971679,30.0,3.0411645394105404,57.38249802329263,False,70.41308783723582
Tuxedo,12,4.396071953205435,5.8175891490629335,5.666666703638844,3.277317511597417,3.975144563897804,2.6128186398402207,4.381536194118972,22.721867254940832,3.176012526440534,100.0,False,113.77619088527985
Orange,13,7.877113846748243,8.12645167547525,7.203170816342617,4.3643116230648165,8.813190909627393,2.4300162807163765,5.740263622119997,9.186190720825184,0.722191016818249,100.0,True,118.64631683848114
Tuxedo,6,5.563189262920888,4.104751439470684,5.292190360646609,3.968253225195827,4.080959321232019,2.0660085564876223,5.113377343927112,16.66651506682686,3.776890815342563,100.0,True,128.4037060018954
Orange,2,6.025201578655238,4.570393935793081,4.985131499687828,5.232214856364252,7.038515000565649,3.4087127065604648,3.5560503332748885,22.683110303099554,2.54014710144953,88.59502729865542,False,92.3678135042172
Orange,3,5.18720100146363,3.8663624962252543,3.1038227272436636,6.282194513123713,7.052574423280655,3.688191471197301,3.681389739672083,26.331408385917392,3.490751246883202,94.90162188664908,False,78.42382467911737
Orange,2,3.105584318660047,4.858709839927413,5.288971534255135,6.280102329885548,3.166069752426498,3.4177556755097336,5.115274678852044,14.555509981867855,2.3324447711539698,100.0,False,113.83583123855988
Orange,3,1.3274432911617509,2.9131584782808932,4.416745985030106,6.455862225475467,0.2788504016855055,3.3156816085960035,5.2113491511333345,28.614143928722633,3.31045840221362,65.34164799921896,False,61.61453656067883
Orange,1,4.911529289808568,3.7404429045953407,4.998919649864339,4.807723549612018,6.886656557515246,2.820775469618958,2.6864569111029435,22.27347721943928,2.8290529383595255,100.0,False,92.09126482561462
Orange,14,5.976688609200476,8.101990951449176,6.4082249122996835,2.793676299389019,6.132434070950566,1.4427913677730555,5.190999569923919,11.255201800384857,1.8128880158126397,100.0,False,110.41425826581214
Orange,6,8.53978775596202,7.494789289935748,8.048181936716565,2.224277467650104,6.854310275937657,1.704518894774114,4.535353105014935,20.582329573632283,1.7082651724825222,100.0,True,128.28871080129426
Calico,11,7.976518018272694,7.894295858300216,9.204792049144768,1.1598833946607492,9.588843564770922,1.113673304322564,4.572419654307934,14.667751950627856,1.2177444872766494,100.0,True,121.9553896871398
Calico,3,7.049702395761297,8.516970396219325,9.676266821281123,1.0,5.755817848283893,1.4181620247292854,5.413972914227225,13.315792419464527,1.7620300548716996,100.0,True,136.0874286230457
Tabby,4,3.907786302494964,2.4557276364041805,2.208462885079768,8.293836901755785,3.4985400255694983,4.8029673316149015,3.757074372162559,20.48705112073767,3.457943582533746,87.68624926440813,False,97.77276558756564
Orange,3,4.577581914264605,4.594957952301015,5.918814419743683,5.727788624315498,3.4541246673616306,3.256930407057176,5.430309663941216,11.391631340779014,3.081871912786807,100.0,False,103.48609018561264
Calico,12,4.784167923697988,5.476132527097041,5.266117825800823,5.468418743420893,5.093441367109116,3.1766047382508327,6.011887216508619,16.007082541549973,1.0859044570038712,100.0,True,121.28256513374949
Orange,14,9.448322833857484,8.398791291688736,9.423369635312142,1.5591251159175448,10.0,1.2763792307803188,6.63517400355415,5.862820808182427,1.948919880642795,100.0,False,101.8569060548566
Calico,10,1.9818858343154824,2.938768001672895,4.698860205794324,5.147886874249036,1.6989715769825149,3.0634840052140992,5.929674391396772,18.59289243373998,5.0,76.12815357417233,False,108.44253038585792
Tuxedo,9,3.4166298521334246,3.7190096880468575,3.4164041177640834,7.482233625393961,4.18864185398483,4.435883493726353,7.2037623518568665,15.455592368726046,3.91026688862936,75.5123381696778,False,110.55138083497704
Calico,12,8.786493251101625,8.953765714914336,7.391382649787422,2.167585063038622,7.953198877535884,1.433259765037497,6.2188959046177175,15.395990849831785,0.5,100.0,True,126.37710833972992
Orange,13,4.078759233442396,4.289226500351663,4.372823970559017,6.388974883544817,4.8266612111804434,3.382755834324441,6.311038197378679,17.044965086641312,3.681695439363532,100.0,False,104.48414244498449
Tuxedo,14,6.569446206063032,8.326090896239112,9.052882062780666,1.3004856331316157,5.034663743942469,1.3475636550575918,5.6400772791683425,18.8747055625574,1.2752518636221797,100.0,True,122.71198840893128
Orange,13,5.473743046184661,4.1733298106586885,3.9418791513824463,5.722136892602112,4.300747386594229,3.5037230841051006,5.811942437928336,21.62311444703411,2.4683370201784425,94.52297742978207,False,107.7509350634694
Calico,5,6.466600788451853,6.7445469799037845,6.839434595170699,2.4353738961786684,7.488929449763759,2.0715378404685056,4.924420943677129,20.517535639724773,3.273957808202132,100.0,False,99.1807829395076
Calico,14,2.2294569857798883,3.328152382211185,2.9812080247119828,6.289068899442193,1.0992625077063305,3.735830564886336,5.801329680054402,22.170352643672768,2.4285559308671885,84.91977416420907,False,104.81432474742152
Tabby,13,3.256905068840366,4.0447437156866135,4.414189143486922,4.584936905965386,3.1011185045149667,2.8936021065888045,4.775855596857507,30.0,3.6006892760256086,83.66183213032284,False,87.3804460140367
Orange,11,4.242523466449007,4.173857209411616,4.865220894164713,6.317540993656289,5.477969698386052,3.583323295452478,4.445274608128665,25.653494811045217,3.7928158617593217,90.30646663329216,False,74.5857293384673
Tabby,5,7.35486857287723,7.074334113350127,6.8529163678420355,2.714719471193887,5.4193447234556045,1.7441737625045022,5.343040869058182,8.95759564443247,0.5,100.0,True,134.72249868774352
Orange,3,5.6731575134130665,6.796065318057787,6.436943555374953,2.842994771227353,6.56857695678178,1.5894686968713247,5.454865230286989,20.220620667952836,2.6232232529828283,100.0,False,91.3499976585627
Orange,1,4.914840758720412,5.215019143476819,5.894059944731042,3.051350661374978,3.5461352522343144,2.4114763721128245,4.216534799977228,22.481399842350587,1.323686187582288,100.0,False,107.60614517109536
Orange,12,3.4429302759119924,3.15298333525938,3.904241690237802,5.455806687817709,5.345800486248834,3.643222617330844,3.611486642952979,18.972278256345312,3.572397109570692,78.18885643013054,False,79.51455211515339
Calico,13,4.808168304151727,3.1968218481820765,4.085883648465251,5.902059738779449,3.335906453378589,3.1431203889890735,4.89553545271551,11.431512315536198,3.873790084828227,75.62484295356242,False,110.73149279980204
Tabby,4,3.467665984162883,2.803620890327601,3.1319307366971105,5.876072395745292,2.491029097960847,2.942453592590504,2.8537261607958913,26.527064338471625,2.0681353911321465,53.81663330774034,False,101.1163779897242
Orange,9,1.9494079825935755,1.9291059613428316,3.040032838257538,6.457495899796163,1.989945980051896,4.1133602613144395,5.612908472727378,29.904540273597405,2.94502071904718,58.925987574615206,False,64.2658875291501
Orange,1,3.9035276585572296,2.8918403239393324,3.89084439393494,4.409338792185886,3.327710304105549,2.2741065050303284,4.332482978578576,11.642473017377428,2.979781772565769,73.04756493048136,False,114.78781441277177
Tabby,12,3.253662943836668,3.867921079545937,4.1478108437383945,4.667759467645505,2.402261422770315,2.6006508375597495,5.771465761606988,20.571824305007787,4.342770668174227,91.66303345240112,True,120.77604193847073
Tuxedo,9,4.4384479324853965,3.475175697056856,3.981339531822302,8.126422753410985,6.248323556277674,5.0,4.726084945966209,30.0,2.646125575230023,80.75126953700163,False,94.07211438730334
Calico,14,7.555427161483276,8.220378824540296,8.793566861430284,1.703026392927202,6.243261669627774,1.6623313498013157,4.345081124160167,6.811548199422948,0.5,100.0,True,128.62682832303562
Orange,12,4.739045920967857,3.3446744956708283,3.073976278744433,7.203011906817749,3.3949383378348528,4.372500705346857,6.174677656790522,19.089888003482613,3.598982973795034,72.91371282469936,False,68.0017869949122
Tabby,12,2.558819267366529,2.7549201524319447,3.1250174199511793,6.625576367780862,1.578010551060363,3.6564809651707737,5.494805936998328,16.107539875996824,2.7238684504459303,80.59735611227431,False,97.94634517708876
Tuxedo,13,5.017049096580294,5.754368818712716,4.960474869948898,2.6107581703659535,5.923293283320622,1.4742759635849172,4.511653586373264,8.717924312737608,2.327560814701431,100.0,True,128.16626453442242
Orange,8,7.101055292262219,6.689774556980505,5.9797478611645385,4.191743953357019,8.96009617365151,2.4516837295138156,4.58177184469354,12.993440986189963,1.8539939639749692,100.0,True,117.31295966043896
Tuxedo,6,4.75503862104445,4.729094927572048,3.046994365746398,6.125963162796405,6.321863582706736,3.4974750495029356,5.50858342704254,30.0,2.698782959168472,100.0,False,98.95473137678486
Orange,6,4.427386932689723,4.897736109811806,4.479946979540523,4.5785341248038565,3.6585412270273983,2.6677541716967776,3.012462012945665,22.527264398841428,2.4445765389498453,90.11102158653368,False,99.9322339312842
Orange,8,4.634673195210432,3.138751980604789,2.6036593194901156,10.0,5.533617000663972,5.0,3.2197851590606232,21.83859761520734,3.48141736893403,77.32718190124045,False,72.45474293924639
Orange,9,4.607492446288721,3.506773564006263,4.2222139220134505,7.828385015287335,5.092113633926296,4.779343968734156,3.625548804828674,26.07907502644734,3.378743418279714,90.05892538199795,False,93.60581420161596
Orange,3,4.913213756609427,4.654897388625253,4.357851987092141,6.267097658014782,4.1219164724113835,3.373083303618615,4.29244902067713,20.4235392265826,1.7305297315881814,68.34731064001947,False,86.08292773608409
Orange,9,5.044440526564532,1.3885447601119898,1.0,8.62138093515307,5.507419699906963,4.8493797183588185,5.81909433620524,27.272891741885733,3.675484240711551,84.99213681411976,False,71.67440463396534
Orange,6,4.616256776055379,3.465134247024979,2.739309662680969,7.457755878020952,3.122093136220764,3.8934811819969584,4.7163697775848075,23.275856968494303,2.8307899872127456,71.84762422901994,False,75.13296582468246
Tabby,9,3.379457617609455,3.560835064430558,4.670336369352288,5.940274041017085,3.605515241994313,3.0950996398338892,4.141671573778632,27.162439231590184,2.63143184299362,88.16936619213503,False,91.0707794601392
Orange,12,6.269560941171319,8.135298059800517,6.828588284161575,3.2768825581646444,5.073232795802314,1.9688713121352048,568.4165767943992,17.578529630498323,1.4439987024681606,100.0,False,110.46891065829476
Orange,14,4.938880594626104,5.4189380743566,4.520757012745942,5.960712055948297,5.6681909438975335,3.624166263226883,3.1200872945421865,26.6594265675604,4.57482441386176,100.0,False,105.64146798984116
Orange,2,5.473023700336772,6.573508913689206,7.033427744045704,3.3237072882294925,7.388593602598183,2.395429880203534,3.7790503168438985,20.970234032707985,0.6649148501214868,100.0,False,102.50343041022126
Orange,4,6.496156165418061,5.301701929402518,4.2497254242412765,6.317993785309401,7.196409688535843,3.403212180772864,4.286102393898685,20.205772963400413,3.958991794965012,100.0,False,87.27656600877626
Orange,10,11.10050304421491,10.0,10.0,1.0,10.0,1.1271434576923516,5.241027025403312,12.246504983210489,0.5,100.0,False,114.71415278105027
Orange,2,7.621447188871793,7.519451626967792,6.949662744750121,1.8200181139877536,6.2399502363801505,1.3142498596160903,3.120075539252029,,,,False,111.23339820769462
Orange,9,3.8816264275283734,4.579551301931193,4.302464338731439,3.6495865352714345,2.590194672283616,2.104735763970662,6.7598332927451334,,,,False,95.33575413340108
Orange,11,3.8868220702850342,5.144603409121013,7.203370221889685,1.8704033318836508,3.969824868885071,1.1600211823284678,5.199739190803924,16.614738707498685,2.281368287326364,96.656596672983,False,101.28164229652778
Tuxedo,2,4.85423341260178,5.276617255769102,5.259652287108894,4.6438830141155485,3.977840753775847,2.8165040791795506,4.678670846589841,20.325784358478728,2.192461228586068,94.63256510618316,True,120.59538116111084
Orange,12,1.9560224709135277,1.8586541150375135,1.8480368713217472,7.769139384556505,1.5302396058545962,3.967143261190732,6.008875173484583,26.05899254658352,4.463042580846298,59.866504340578075,False,74.025204294683
Tabby,9,4.356217147567164,4.023844237544495,5.024328091128224,6.4429867581571685,4.136392422191637,3.737155867638665,4.366202008603047,16.59374346454426,2.226797221713788,87.95732562840246,False,114.50696262839642
Orange,4,6.010197880796542,5.136644330717703,4.942697103318105,6.045951927529458,7.148105863305586,3.2688909120129876,5.002794679741682,22.417305153768623,2.5571370373507833,99.0920934559186,False,102.30657869224169
Orange,12,2.425090207003114,1.0,2.0529919160039753,5.914123715654632,3.026232505250864,3.192550199484547,6.959284170015456,30.0,5.0,72.41679132782122,False,72.15828739051429
Orange,12,7.602669826494058,6.511025808006567,4.417845364287437,6.300433383165488,8.316560356306343,3.56186479996632,5.279559144547818,24.9372925922736,1.0490755926161772,100.0,False,88.50339675412566
Tabby,4,1.875600761285579,4.131586748109268,4.024310317606428,5.638636689460285,3.2550337597019543,2.8753317482185987,4.967146947563575,17.265457431192146,1.9236752901089376,84.06105125500653,False,108.26422706702168
Tuxedo,10,5.620065432328775,6.672699923044579,6.283478833531585,2.675854032710981,4.131549295246987,1.6433866965579225,3.503254650082697,26.05083104781939,1.8446096113484585,100.0,False,102.66624304163297
Orange,11,5.600056185182208,4.988880313447578,4.898962936964909,4.037410739267284,5.268755377862425,2.8568240484016307,3.6558765430437816,30.0,2.3563840074967475,90.2933607527258,False,91.2343606577278
Tuxedo,7,4.221395403069632,4.90543167216944,5.5706154169385815,4.651176402975921,3.6223291368019903,2.4062786895965043,5.96710326760059,18.89292850274047,1.8072966939096409,100.0,True,127.50434907215777
Orange,6,7.670042829729123,9.66461151289999,10.0,1.0089042673588742,7.551275377298422,1.4277854058338657,4.283038724160888,10.89673434197588,0.5,100.0,False,103.26164464028476
Orange,5,6.451292817489706,5.037865842189166,5.669410368744413,4.20001117279394,8.386308388667679,2.5107509085704685,2.7710507874203643,23.850217298394128,0.7929314522557247,92.61548748785992,False,79.62201741932887
Tabby,4,3.570293623370116,3.536101713377479,1.8019141878218732,7.643209825523655,3.5792718832979276,4.289236414670545,4.299023134645254,29.90146346770825,2.374305226692947,90.40034624925178,False,85.62299386128271
Orange,4,1.2486860790335834,1.0,1.9784125607737435,7.788884029885559,0.0,4.514987022894949,5.523782651811754,24.743190243631535,5.0,65.586646065933,False,68.22170117394866
Orange,12,6.557520079329337,5.090340478978602,6.5543263174395054,1.0,5.06784926176139,1.300973212619319,6.732818872324712,15.645137489293344,2.478546277952135,79.50268665489543,False,97.53248795997942
Orange,14,4.011918389814412,4.658745237862197,3.2365537264236486,7.206001958312353,5.336952146294548,4.0356390634653945,5.923036233679054,19.576540311424655,2.70814508457298,87.93496065827999,False,88.42545532249446
Tuxedo,11,5.727468949665295,4.566016365795663,4.695103097576918,5.770667989903157,6.177012158707235,3.796506474481076,7.781210764585055,15.141224319153366,0.7816804607161818,96.39470243985932,False,113.48192988910124
Orange,10,3.8731925425880305,4.356871587474552,5.265088555840447,4.786751015455435,5.5025947644285935,3.242376176459394,5.151356782556093,17.151388284764476,2.612876268162029,81.18076493302888,False,95.10003470972596
Tuxedo,1,1.6167157672795969,1.0,1.1437221072682695,9.2883230325288,2.5475992714238256,5.0,3.154297383867228,22.48712310306674,3.950481053417105,50.0,False,83.84767742066157
Orange,5,2.861580634333061,1.9957156191035723,2.0961116364231724,7.362741652712333,2.0424809977045757,3.893803287776969,5.150889956628261,23.64765937693988,5.0,76.09035702914441,False,84.55261553641259
Orange,1,3.8934474931383622,3.676704814474589,3.5073097336917005,5.662651870850458,2.907931291152168,3.7057327204958623,2.9287824177668265,23.885632755293425,3.6310065185500338,89.18831240045729,False,82.5915439136486
Tabby,3,5.071202868902889,4.775997444023219,5.203406561495562,5.00671144836919,5.23602406228202,2.930280409369218,4.094112245772499,16.94406588605147,0.9706561055344952,71.87086668486467,False,95.12562966770696
Tuxedo,5,8.34774566949081,7.706279994042542,8.552459200636077,1.0,9.846684206049057,1.19425263803054,3.8815355511821976,13.5273414958033,2.6663374313168644,100.0,True,120.94588087060096
Tabby,1,4.909594689314334,5.192882330913057,4.667090583348138,5.650742938988327,3.667856467237016,3.3215389188889946,4.920993492769669,24.497234209678645,3.203150355860676,100.0,False,107.1370264181018
Tabby,5,1.7463037127119927,3.208876299124095,3.1832302902615046,7.514193736627527,3.213639673317121,4.0505471452476165,4.377680491399897,18.73687478020151,1.149954155863958,88.23325839056814,True,123.07488302105624
Orange,11,1.9726638699789112,2.5063058153597764,2.51326218184633,8.368527264863507,3.3963327237645986,4.669668456932775,4.10226997370132,19.53569788767625,2.6559464732085805,68.21778442280757,False,74.19283123646235
Orange,5,8.207926571656063,8.808732780702929,8.188969205482408,1.0,9.244433306458076,1.2441241158281968,4.541550022303301,14.303517918867811,0.7144768668633307,100.0,False,94.40810553212908
Orange,13,4.780894075078135,2.7638975129824916,3.712428019584095,5.9958672055624005,3.0110109610559737,3.707069903221169,5.968802611611395,17.268519917249677,4.1499235275198325,91.99761807049278,False,97.5215440344939
Orange,6,3.941529852721523,3.703582283864518,4.725788887861208,3.73230712136727,5.077465209519778,2.5248398659395246,5.129757796824406,23.693599869789903,1.8853556924131163,82.76160830932815,False,114.2830349420248
Orange,7,4.206404216721317,4.756886752599272,4.330428338996376,5.1193661411627245,2.571875562967607,2.5603737583601514,5.755795436711163,23.65959423480385,4.457222083695029,83.13553900730226,False,84.28739861430336
Orange,4,9.036018316603611,8.706590109289696,9.30948830688892,1.0,7.056085623017964,1.0724373219491032,3.677091133783938,9.0196341067083,1.1054756276997824,100.0,True,118.0019876839136
Calico,4,7.32984184606193,7.285675210220496,6.755866968071525,3.423080431565748,8.255286470975907,1.7430436219656098,5.494321873009745,18.71794169906345,2.858372359223395,100.0,True,124.98813530981744
Orange,14,3.588843434673697,3.962073170125269,5.573112245256968,4.5695787199381925,2.118682203954256,2.7707114485168445,5.329999949159628,14.618996937637617,2.502852037419992,85.07077664490033,False,84.94400884359467
Tuxedo,1,4.950646820731832,6.194095041166845,5.054158561059612,4.1135453602223055,5.488867006720707,2.290450879306187,2.5,19.551686956791773,2.0023329298402333,100.0,True,121.57991339296905
Calico,1,3.634661957255207,1.9351521637312596,2.4054872725204843,7.027483557741234,3.7994065806102606,4.172538909319973,4.2325339289025825,20.802621606380885,4.301713140965874,71.86750243301303,False,87.8369085292218
Tuxedo,14,4.272699822664933,5.032266220217048,5.065490912678335,3.926675551477895,4.931717076778745,2.407692368729524,7.009628904078829,16.30155589368008,2.096620580049632,86.44115935386773,False,100.01454515046126
Orange,6,6.170499822323156,5.9496796765971105,8.184926871941222,1.1951507086026258,4.353918994073036,1.366401629516126,5.5036805701826,19.19448677592197,3.442115948248891,100.0,False,90.97709592204784
Tuxedo,13,4.368531018752613,3.15517492278836,3.3381967196959055,6.4939570407862375,5.7267273453465055,4.242054040810749,5.526899662143206,24.416349601533135,2.4998067309794307,71.5965917723591,False,94.16671098379102
Orange,5,6.613568262989707,4.890092462115896,4.860645479154859,4.936610968622744,5.915551417433861,3.2820573640382036,4.513820159964619,21.845470555017567,4.918624599947433,100.0,False,94.09317875597948
Tabby,8,6.2094897753883345,5.032536101029833,6.670890347849308,4.516040197768508,5.474367305076221,3.0672875736203196,3.9170330596209175,22.657639001872433,1.8156389970115536,95.43030147414738,True,129.92529547417269
Tabby,5,4.669568236484197,3.8279846532965816,2.1004827335033287,8.505536062310899,6.571582300529961,5.0,4.188280373181247,26.476452414427172,3.5529655115015117,92.06616273136964,False,112.09266323231138
Tabby,9,6.073005749774454,6.868759796679347,5.350461131288495,4.741529600640371,7.947322305694735,2.74044097002059,5.168685715320575,16.310249493653735,0.5,100.0,True,125.79713393176128
Orange,10,3.9539672046314527,2.8782953845550345,3.721971491311569,6.110635300973664,4.5749312134959546,3.637082018494998,4.748700646587218,27.507978517513475,2.877478767661651,65.79287381018283,False,53.9828612983398
Orange,9,5.524521106743523,5.970380944642263,7.668682221110777,1.0,4.7658905585856495,0.8127526577119449,5.1796317569490355,9.495427386951825,1.6139776197505953,100.0,False,108.3719220003961
Calico,7,6.807754260168164,5.538033295472808,4.438474806293263,5.533044218032318,8.1302554469925,2.9285365887355517,5.9983388657775265,22.982093541233127,1.7205595400847828,100.0,True,120.114028950697
Orange,1,3.0190690650846292,4.012639744405893,4.898551327929676,4.919035644339837,2.6644266306738813,3.1907601026101773,3.1287446100229475,15.276330310717272,2.2635596511335794,72.60732968261661,False,85.20142107314899
Tuxedo,3,4.365437297437581,3.6131168252146857,2.703119234474704,9.204285466481112,4.405524622112151,4.978230154808871,4.9833438815122095,17.208217079156164,2.537298261588285,86.77866751636452,False,107.79797426910272
Orange,14,7.205635638500342,7.433528153148673,5.417776705779636,4.026880013792912,6.942571552823437,2.505324260353948,4.834008028406419,10.327468587164306,1.1083933817092155,100.0,False,113.3143236297559
Tabby,1,3.3879320345825095,4.523649196259173,3.5007150609319906,6.069437967693294,1.878389260350892,3.10122706847518,2.5,20.776873801143907,4.9240904112623065,89.30771334997212,False,90.64362473629868
Orange,3,5.209075430309083,4.713204602466641,4.47117775863309,6.059075373783607,4.241144655396648,3.913131794827443,4.080841985639746,13.11571536367452,2.510455289867502,93.53596865413522,False,112.6189535524124
Calico,8,2.936472876052354,1.3863317539075002,1.4188164480957934,8.335297964374544,1.1615942089541766,5.0,5.382208162023856,29.74204535898907,4.353033486373528,78.23703600236769,False,88.44888803735917
Tabby,1,3.648266784190369,4.789989423536977,6.062923070207084,4.638020495598923,4.802313592385514,2.7864988514677043,107.28001872324634,10.707515445719448,2.1760786856778376,100.0,True,128.38708115304763
Orange,5,2.7033067709016376,3.6642738620656696,4.6839715905942105,5.35774113500943,1.7874157136105713,3.574376699030537,4.726629141704194,7.361924577996753,3.31925113702498,68.77460807427038,False,105.35836617398132
Orange,7,5.5069493298562335,6.408690313748633,5.736507159232404,3.9728051598678578,4.178388047816789,2.1038434526193748,4.872121941727013,18.43054309439277,2.139175738241407,100.0,False,93.74518982407258
Calico,13,5.265135120768069,3.7893712989736663,3.3604841623897417,7.98256468302271,5.743579603121228,4.715291226580633,4.049014290594318,28.33597865029964,2.656606458923726,80.244185348706,False,90.01105899779301
Orange,9,5.394821079237599,6.042828494282394,6.556969522255156,2.404184887127673,4.153563546752302,1.7768378058191177,5.968007645150946,17.246557489174336,1.5338116499576162,100.0,True,124.96619832298283
Orange,11,6.498457427315645,5.8985243579030895,6.068647484365415,4.183546357029029,6.283688641639857,2.103957171391867,5.624637696137859,16.5570213857593,2.020496506565456,100.0,False,92.1089221987741
Orange,1,6.178357627735194,4.999572154400812,4.603283856033835,5.76008286775437,6.877973026509712,3.3814288140465836,2.8203688285432507,30.0,0.999092861017445,85.15917386974294,False,88.6123756099407
Tabby,11,3.502815180728847,1.2901933809498236,2.29816150863747,6.354000246625069,2.5955477275697985,4.0152784384248665,3.7461987475012153,30.0,3.339457507552993,55.29901569308976,False,78.23640396268651
Orange,13,4.547172202260247,4.194377769368425,4.710685838246941,6.249104271559707,6.008962092634123,3.5282234613208887,5.238185305287227,11.580850174018622,1.195289007248694,100.0,False,113.3789968934594
Orange,1,2.849789016671172,1.0,2.318143755510205,7.022967750067032,4.72422896053483,4.171940775900252,4.992448673428468,26.075451210467193,4.333014918600371,80.24396755881807,False,80.16642987963414
Tuxedo,4,4.660808394844947,2.5632779115930777,1.93702043022378,8.214802825292713,3.187280992284872,4.247084323684767,4.418332457516869,19.22757962634068,2.3766682793278853,79.87142084617903,True,121.5218245634846
Calico,4,6.066667676315487,7.101508993359621,6.247221454248455,2.8076145551701286,6.077474427984192,1.602904315842813,5.514408339140775,21.533682061834966,2.4372569903278083,100.0,True,120.1034315002707
Orange,13,5.695281904386092,5.339806745517942,5.046214934872765,5.550037854370567,5.221021855948353,3.1437833860719366,5.422792675789569,30.0,3.5169259248352343,100.0,False,92.64187828252676
Calico,7,5.047908471501934,6.919502503586538,5.92007158315236,4.1604686555511154,4.652104237744828,2.6931033833511027,5.89022509494751,17.218928913034205,2.7056117583353947,100.0,False,114.01036108548443
Orange,10,5.362479172246946,4.634835844909041,3.423700955337205,6.980604791908013,5.179030845738071,3.95713413936873,4.4537847435545315,12.233754434942972,3.5574502496636273,81.882481268743,False,85.36667878489558
Orange,8,2.016727678450295,1.4868961980434512,1.0,9.286450793500585,2.3703429133439995,5.0,4.5547808065889095,30.0,4.663807281943665,50.0,False,71.04139506933166
Calico,11,3.721886520316524,4.923851295907816,5.309365148023477,6.155968415375152,2.296776178383806,3.512932479356334,4.992319255410874,23.39911918078893,2.9815155247592875,83.40191967497773,False,107.8087632107474
Orange,12,4.8148527843494575,4.128791485021018,4.721976327689319,5.998142978765765,3.9188824861259177,3.0864588624979254,4.860862569004643,8.914036040817493,3.1471842797454226,88.4844197286641,False,100.03787884418573
Orange,6,5.9893106605542465,6.658298163442669,7.375374791014941,2.193241995393107,5.751930276447075,1.4310411833741907,5.989427378263378,9.096639100455477,1.0268874602907516,100.0,False,110.24937786160422
Orange,13,6.92681043887257,6.668499664555961,6.193735624521959,4.0221423217416135,6.870003105844637,2.219238149160915,5.4478688735749,17.999652035243866,2.056588449311477,100.0,True,124.39196328897155
Tuxedo,5,2.654682702392524,2.2777534491381504,2.784315017037467,6.859965211622589,2.3901033071872444,4.31712570570875,5.716566153189861,24.169637559104807,3.7825331767695456,90.05438631465303,False,98.24783049568988
Orange,3,5.191903601992616,7.546895391230054,8.977903479515192,1.1317712026373477,4.695624451860795,0.9522430278865044,4.10934184241297,13.06230654940211,0.5,100.0,True,116.83078043630044
Calico,11,4.440580837711475,2.4511214605369043,1.0158917297986936,9.023304172594951,3.4693047510977766,5.0,4.422421971945161,29.829667828820675,2.5231306925576593,73.93370008011259,False,89.68054587422004
Orange,8,1.0827666060715977,1.0,1.0,10.0,0.2413012776287715,5.0,4.501877409912673,21.7292207006233,2.9721940085962686,63.80100118724264,False,89.20030261223118
Orange,10,7.401269892602437,7.812946861438838,8.107862683608946,2.4269216365331916,6.547851872923625,1.9937171084828544,5.588661212226671,14.757355855523675,1.6840460932913364,100.0,False,91.89777168954669
Orange,5,1.129972332580747,1.0,1.4987508934016085,9.397433244772394,0.0,5.0,3.26463532338947,21.71995777358549,4.750042020018737,51.13198179341882,False,70.25285061056981
Orange,6,5.506825688822882,5.710680485438846,5.741308622093261,3.562725474775535,6.502339612551238,2.286163493890504,3.789546322596716,23.666931855302614,2.0865938793618044,100.0,True,122.8709453068283
Orange,11,7.150963416542925,7.0035277694272065,6.308787157160983,5.265369852621327,6.9031599080125545,3.248397772365361,4.159745878206303,12.248954462735671,0.5060024571445635,100.0,False,109.5564060925942
Tabby,4,6.019812928432586,6.072776140096073,3.6763795377448942,7.522243981481195,7.407209201122724,3.861960421921615,5.447250328527593,25.449623978399146,2.3861886841356337,100.0,False,104.82699548966184
Calico,10,4.184866018741017,3.067442953996231,2.976665663307379,6.771405244464925,3.853343367936042,3.685759782828242,3.3901312975617657,28.4758764363947,4.221990081771594,90.77134726520508,False,92.03616830108888
Orange,12,5.20815963509132,4.889590599177287,5.315221742993798,4.011427473446081,6.950079385000231,2.216431929875558,5.103102526807658,19.09726446135859,1.964842541246268,99.60942599943466,False,89.69986462658038
Tabby,9,7.315790770254877,7.60452011030001,8.142669223992662,2.0313166622133623,7.398402329622069,1.439430854392449,6.126098256889573,17.05182382818087,0.5,100.0,True,125.413608250041
Tuxedo,12,1.8706151201683257,2.838938267248336,3.0205773117789576,6.8469372713092955,0.0407888087813193,3.729495118894297,3.112710116324138,22.780570844338996,5.0,67.45620358414176,False,97.83693373936636
Calico,12,8.473815238671426,8.428771923005314,9.070919198079464,1.0,6.624223926044053,1.0292970088915316,3.894912008372585,10.175518514543654,0.5,100.0,True,126.40774198833206
Orange,6,8.20664787125236,8.522992827874546,8.855663358563872,1.0,7.424190884342513,0.5801618263438616,3.669587530785732,9.365783315916143,1.3754486650881248,100.0,False,109.93779071131635
Tabby,10,2.268036614284227,4.698467241104844,3.702898903517824,7.043899720850943,3.562448880658555,3.916282547004763,5.689896157911827,17.568872522670738,1.8828308796748652,100.0,False,112.88478734308774
Orange,11,3.656504928748177,3.0554923719226244,2.9032563374220857,7.953941820394365,4.835639786551709,4.243013686170616,5.54407052510808,,,,False,81.74246480545361
Orange,8,6.508266019922025,7.981893862227704,8.66569812615828,1.801879161733222,6.007460118281145,1.6698775484997352,3.5653464682338285,5.98021706173348,0.8722062828650086,100.0,True,133.31896199480383
Orange,12,5.756372896239942,6.6092646055792805,7.335409712388605,4.252196169970478,6.884315863883793,2.186586770406598,5.002102264318028,13.85638007713353,0.6124847734364973,100.0,False,109.53439724781526
Orange,10,6.505013352735088,7.233588233516425,7.490168097225815,2.5268377347902495,5.258874645465314,1.891535599552564,4.615361592164361,9.012352572969922,3.9731094024452287,100.0,True,121.00329359119873
Tabby,13,1.8570060346824,1.0,1.8389385716164688,8.391628713920001,3.14708099281903,4.879642721310741,7.317829574031327,27.0212481618592,4.019570362358316,50.0,False,82.55189725863711
Tabby,12,6.065254882889203,6.631174642724809,5.6871575561134105,3.890781163887784,7.444243339132685,2.429336903975337,6.186266087896527,12.000975484965773,1.5353677389267442,93.27176663178636,False,111.77845911458044
Orange,12,9.020110630335497,9.255310120482152,7.482208249203678,3.323315909059698,9.208067169325018,2.5262564592653804,5.064408070085076,15.067443152714649,0.5,100.0,False,95.71673083548404
Orange,14,5.264176982557798,4.624501369675596,5.844215448557259,5.858189499463344,5.714037376372726,3.2786581436848543,3.915838196119351,19.60657699833242,3.4736599188510446,100.0,False,87.295331592569
Orange,14,5.722393234754524,7.961858620069229,6.100460480671485,4.543817065177311,6.947048586337057,3.002458259417235,5.700100725914075,10.333797847248515,0.5,100.0,False,107.77696744684285
Orange,3,3.1323809470717667,2.9580564953375608,3.690282985377856,6.517160290540127,3.04204576683827,3.558224379602303,3.2866490006585467,22.664265719128455,2.9870555554496008,76.93373071169304,False,84.3998687738555
Orange,9,2.4949586245756588,2.441265206051149,3.629937719582278,7.263349799624061,1.4412524003364182,4.208176151934282,3.70761385026133,30.0,2.7783002534319152,68.02910566728062,False,73.71332640108817
Orange,5,-0.6718436770371241,1.0,1.149094213170539,9.94656863250352,0.0,5.0,5.4549207143305765,22.796980702429167,5.0,82.18171691739089,False,67.10162691481248
Tabby,4,5.089135349477076,5.027252199484791,3.2445436151733302,7.769137224815507,4.880163942482257,4.461789012481861,6.341349869574368,20.398001352198392,1.6188233110675805,100.0,False,101.56335377527574
Tabby,2,4.290936037756583,5.2459892408775595,5.174703188176646,5.701008534922126,5.662722726320929,3.3963722087735047,4.474977039346799,16.00681391661529,3.011146358838598,97.44705892901392,True,116.4055137091792
Orange,6,5.166146653765325,6.139938275098732,6.860586848789781,2.1019925358785856,5.2441878083629385,1.7786669311996417,5.19884142683233,25.21657826919882,2.1094207565353673,100.0,False,97.5144059498936
Orange,8,4.311974703507523,4.608188813004622,4.991521796234928,6.365650867882138,3.983091340002286,3.631496508286768,5.727858206353105,24.91329178338384,2.724033390339021,100.0,False,77.17138690312353
Tuxedo,12,6.389033703923893,6.32580372069111,8.789523995900822,1.0,8.232422730374667,0.5281486514053395,5.444172551433078,14.72405253758074,0.5,100.0,False,112.6247184847045
Orange,6,8.020601132666098,7.443622179080352,6.312679581760232,1.9067902227218032,7.398598094663527,1.073586076089822,4.651209303065988,27.551437096804612,0.6916395136948429,100.0,False,88.30619683623667
Orange,2,3.138561182947149,4.675492737534626,6.120306139553513,4.094785421540549,2.476570049029337,3.030820350687891,5.688840927868524,16.31503394668458,3.0143531419599245,100.0,False,111.05624450792828
Orange,8,6.5544121986046,7.024529790950103,7.006984301843161,4.672923317507278,4.568390345706202,2.386535732679337,3.9217434240294216,17.635309225750913,1.1043569976124623,100.0,False,97.30636746896931
Calico,14,4.9456958460151546,6.41961074419925,6.714628689402526,2.1063115580445677,5.383449609033663,2.015172493428521,4.676863402934009,20.70955387560474,1.995382628718126,100.0,True,128.64819733223027
Orange,9,5.192164466837878,4.309447489258459,3.234722557112516,6.851331829682557,5.225826743142841,3.5448353144036155,4.138242159629441,17.214083694443318,1.5781739123968654,100.0,True,116.49648117821108
Calico,7,4.827833024796638,3.686022343975643,3.79301214016687,5.3006871659303965,2.93735220781148,3.2591866729521795,4.268862961739305,20.047041418488565,4.97292704990558,87.99429449830134,False,106.0114419530801
Tuxedo,12,5.2871813582321305,5.057304772201298,6.00927537770316,4.271880104336227,6.774097907605201,2.5445973118979808,8.028144869108473,23.10566915418027,2.2777549460261666,91.83456834820366,True,117.55849464649891
Calico,14,4.577592464578804,5.84435829502796,7.10418220058938,3.7299397075866905,4.0793712280473695,2.0149388597318105,5.48547034754157,13.662933760921298,3.548435973078366,100.0,True,123.69307403764468
Calico,13,8.992528204991705,7.501908305965109,8.161807697815945,1.2934997056481683,9.77337275701428,0.7248954298358391,5.809901885208709,11.9045923593046,1.5705493600221951,100.0,True,124.96743225215208
Orange,11,7.642847526104122,7.364788274169214,7.901061274345368,1.734974419447671,8.281358000184646,1.4020145719361812,4.279892268625247,3.2650630348411305,0.5,100.0,True,122.8952115422996
Orange,6,7.347881193369403,7.00494610584242,8.00281676840487,1.6279337519356227,6.627512411992415,1.397200717305762,3.4858341529281303,14.863194137045983,0.6789252231983254,100.0,False,109.84416837098902
Tabby,13,6.3396014242403345,7.760239506815302,8.11782990680152,2.2234219221902904,5.126936445608463,1.4867934746976248,4.2941720424327965,14.785432673965634,1.2408136531463088,100.0,True,126.27116458211762
Tuxedo,4,6.482214445963958,7.399206205908975,7.042898107870055,3.681536137538542,5.300962292362952,2.2272294522944422,2.994563650111961,13.095039546513402,0.7544767979169844,100.0,True,122.50463038241632
Orange,12,5.548834657911438,7.777630219953123,7.589857330131539,2.821806433680348,7.522922661265991,1.8960841464185576,6.77823219334557,4.792621342404244,1.4915902049826628,100.0,True,120.56713633825882
Orange,14,2.551490331442453,3.848363935351456,2.9808129879041263,6.854660602490914,1.361512100315189,3.74355279293848,4.351516335055806,21.29240531670246,2.74642981740354,90.95655756362254,False,91.749894683188
Tuxedo,7,2.9211306613036605,1.7272150150296155,1.0866012331719284,10.0,3.2240302748982352,5.0,4.498298399846955,28.711774427670345,4.596077986319504,80.81859009929721,False,92.06174422561251
Orange,6,5.484173933109787,5.316428324934094,5.027698568651369,4.83747139010864,6.3315828437797474,3.24927416073485,3.2886255438993084,23.531773906231695,2.2701750701255885,98.18475955752577,True,120.09809376878064
Orange,11,6.036750827639366,4.5211335496177085,4.3244803323302135,5.333479020995817,7.767685094693603,3.614128239564754,5.607132283584855,21.78908640855935,2.6375578025421635,100.0,False,100.538209627937
Calico,2,1.852825105183896,1.9071934217330095,1.872743887320792,9.832371327080995,0.0934858704544758,5.0,3.630261667557984,22.137987907525233,3.1245087871397743,68.5016696830948,False,103.32149606611534
Orange,2,5.982337053669327,5.282388558549174,6.9046904242609815,2.804423503563321,5.208657579632018,1.4857295737901264,2.5,11.11974218873662,2.1007895816330953,97.42511587388404,False,111.2688761263364
Tabby,12,5.475934326770303,5.407505340291956,6.63016709822381,5.590385057777874,3.706323931576253,3.3430209831252578,4.771149301259233,16.866941279226936,2.1316401662247593,100.0,True,136.14704694299078
Tabby,11,2.851998032090519,2.4722857150595736,1.6139563194504571,8.284510862526828,2.984808909852404,4.714858362740863,5.922052909750404,30.0,3.355233040588545,73.51971998420399,False,93.96204635098884
Orange,6,8.713002683778655,8.371996116366219,8.359272256188923,1.0,10.0,0.6467602118408798,4.773965909336782,16.243593571877835,0.6891376356380322,100.0,False,96.94042242859852
Orange,1,7.63654783563911,6.8534092393412465,7.562451600650352,1.2601265957165178,7.309993863774086,0.6882116098753549,5.013444146773752,20.357043799744435,0.6844681408837293,100.0,False,94.2869781116822
Orange,13,2.6544872075290273,2.4939650290137503,2.196069364032961,9.500244445354518,3.815763783830344,5.0,4.576519973651228,25.89098873116745,4.3621137979525715,71.48250151836763,False,78.81677929070298
Tuxedo,4,5.534586839475667,5.367872218245301,4.813729664459525,5.897061779088995,4.921477473158752,3.4973034748433487,4.645573974507379,13.12772281755742,0.9415821674561492,100.0,False,111.43528656635166
Orange,5,6.154948941341712,6.76532432083024,6.43866363571753,6.026720882796603,5.740390077588602,3.3399027556761784,4.389956232914994,17.427123003577147,1.4138802227299343,100.0,False,69.31643152291474
Orange,4,7.909510233569954,8.443959445003255,8.892532291485685,2.015141516118337,8.597150769120425,1.8851328177751792,5.77500806525507,11.29787497380986,0.9798528997543778,100.0,False,87.13092938404937
Orange,2,5.0172334262677865,4.922490428146517,3.9845164918868066,6.392522208249568,4.264857297740879,4.090235159861528,3.843129561613961,25.94304139677324,2.3750447047271668,77.96710760341631,False,96.57734023614124
Tabby,3,3.659820453728215,3.337702156165533,2.0514703402107513,8.19089002740982,3.515172996987481,4.3735834416802755,4.327382505443931,29.067358439940033,3.65649541831086,68.31707063638636,False,70.21025450486695
Orange,1,4.177200254969823,5.888411036828843,6.721697971598953,2.223668481241197,4.570892241023458,1.9959629819378544,4.074098968800517,8.431530308432327,1.804117470736175,100.0,False,105.01038780211032
Orange,13,3.621203663483272,3.790165933436026,5.269840203024593,5.086047064514636,3.086929052053504,3.313038162540762,5.857696380699744,19.27370848219405,2.385273995826188,90.30217750176004,False,106.76040380667696
Orange,8,5.3736110685499785,6.285154477175238,5.187136574838112,4.76310856629953,5.437519734495456,2.5317781672076736,4.026828220336054,27.9971701545003,2.866420282968613,100.0,False,93.87545862569334
Calico,13,3.8846424475136994,5.207726288880348,5.151388986262443,4.224787903897247,2.541807096166083,2.4647277705446045,6.885233808515341,,,,True,131.34622172512283
Orange,5,4.854958896047465,4.766338766967997,3.690659366544384,6.232593614361076,3.915938482168532,3.7556211218082582,4.653955777342558,20.98207535740221,2.701517770051891,100.0,False,110.71785915850414
Orange,12,6.189940571967304,7.92636638959555,8.269730344100434,2.426455448820359,5.048453927879961,1.7895566239554368,3.0175588504605706,14.67663990083888,2.4733752751901807,100.0,False,102.20585152337196
Tabby,2,6.9735055212319565,7.204930433388816,7.072089901467355,1.4595779333697063,6.838481064222479,1.490568428659031,4.276124379238935,9.889947096167202,2.364533722343128,100.0,True,145.4566944389177
Orange,8,6.803865093226477,5.720703070157525,4.122666717035523,5.186851164869791,8.685062786763895,2.681090815283006,4.818572353582639,18.789206899740833,0.774419902329061,100.0,False,97.75858032114378
Orange,9,3.539343016452171,1.6292481317525769,1.5064653723821384,8.778502263714671,2.215819998640772,5.0,3.297364617609425,30.0,3.405211214074509,72.93032621891302,False,68.0064106361035
Calico,10,6.239233817261493,6.944139149693553,7.890828837269497,1.7033104294593566,4.880744150114935,1.0059872751169006,5.927318043348311,18.434643522634,3.507940529242931,86.87244877125164,False,114.52309675493362
Orange,4,4.809897398107307,5.245832575292225,7.030272586794739,2.958202084161433,4.628727512123518,1.8649914365340203,3.3469507496196287,14.679933027286458,1.1719176317852116,95.34861068493822,False,101.30263299293146
Orange,7,3.5287012752558073,4.2771515929781465,4.419784979494781,5.891745059649877,1.7440517342412387,3.595977192946166,5.680368310534702,30.0,0.9342479659333672,97.73965093857883,False,86.96948539228386
Tuxedo,8,6.576282701379249,9.292639345965206,9.233385724264172,1.3718738271393938,7.674473154038917,1.2034075428523645,3.8788305595239225,13.704408981362064,1.442035069139311,100.0,True,116.16310649621543
Orange,8,3.1337940437509797,3.0643454887209796,2.085698353426126,7.728449642736222,2.5179409426127015,4.822715882199599,5.154156771334951,,,,False,71.4857773196066
Orange,13,6.002117064417203,6.867911216724255,7.2353331617120356,2.329297859574815,5.255516172498478,1.9308447381158496,6.339517138524123,15.852360615073824,2.0417669789103363,100.0,False,98.0325853594813
Calico,12,5.020781573249222,4.211736018628103,3.464521397191117,8.589055062873484,5.8153650086595565,4.467093351503277,4.766352814139666,30.0,2.283947169003647,100.0,False,100.07442753976736
Tuxedo,6,2.0656768029336954,1.044092531809829,1.0,7.0907597754080225,3.428078220885751,3.8859516787527864,3.6442901612970817,30.0,5.0,60.79722794575977,False,51.20170251123648
Orange,10,3.3827769998035113,3.765329813491803,4.086569520708354,5.343409202199656,5.175795939104982,3.668293626554995,7.050729639507283,16.031594420053594,4.198989965619708,65.08550320098448,False,86.78556481531474
Calico,3,5.146877538097612,6.082110384974453,4.528263837205036,3.011710432807578,4.98962582869121,1.9662700407654297,5.395992880770892,19.182259292917728,2.3518565769283315,100.0,True,116.73805718155232
Orange,9,7.501193928693098,6.709906484355665,6.4305562290829705,3.71769241002576,6.137852245164403,2.4161252310111,4.287448276633603,23.266716484541597,1.4542368396217322,100.0,False,87.83140806750464
Orange,13,5.628698067339371,7.770363503309009,9.036292518957648,1.0,5.125921088494755,0.6273824534029999,5.932600260699291,17.949694838542506,0.5,100.0,False,94.98827421655658
Tuxedo,13,6.303322792953141,6.828505217455832,6.89565127306913,4.03539345761891,4.855383008178215,2.0764479495352455,3.423887825515777,13.766751232771451,2.6639560473693953,100.0,True,130.87227224425237
Orange,8,1.7079976027697463,1.4969490006954569,3.64224347705388,7.150715538706356,0.4775385235511615,4.139044843194758,4.342922334449799,25.711234503920753,5.0,53.2928576311983,False,70.3685435292264
Calico,13,10.155703803700268,8.331762111600218,8.444680639704524,1.614217126515285,10.0,0.9354242501379288,2.779401275796473,11.692972968328004,1.8893069707585133,100.0,True,123.67803395161356
Orange,9,6.410819307868082,6.255778363168995,4.48156102012626,6.44327925557547,4.94405379165568,3.247703534546863,4.231203348188496,30.0,1.410007434036239,100.0,False,93.39181996776811
Orange,4,3.7269752046007607,6.302183875256688,6.800370502161456,4.064042182184344,5.590016707586148,2.6206516690769366,4.53559597529391,14.147537105282424,2.6444937022108723,100.0,False,87.00323217131367
Orange,1,5.318647162014857,4.871347367004239,4.317239022887974,5.382528461655968,5.8208735948588135,3.3476149578146517,4.497212184506681,18.26211653544429,1.8608326922830405,87.55849550800305,False,98.89587756025138
Tuxedo,7,3.0276491771144816,2.9993305231514764,3.4913502251728104,7.235676379057647,3.689668263001233,4.485159851250546,4.624961119180708,24.150592331944043,3.6329399428429943,72.15064702967771,False,103.32789655438754
Calico,10,2.761590298103855,2.645378839495267,2.717722950814437,6.346317476620513,4.33451573407323,3.693802624403239,5.071060804702906,29.758453930698465,3.8308547513852633,86.49930158018975,False,102.84995149269352
Tuxedo,9,5.636635758711478,5.013533626331309,4.728937710650833,6.216529737143856,4.861198270465922,3.354325848921623,5.64194986726887,25.376685628281745,3.1968856269805244,99.63577088881534,False,113.48565190489084
Orange,6,-0.2572852641078684,1.0,1.0,10.0,0.1184103796634792,5.0,4.3950017799082,28.241752630172613,4.048091779509633,53.21909306202994,False,45.97953896311575
Orange,10,4.9233331135433165,5.761087784735482,6.544874616464133,3.2797450296065205,3.352416007448267,2.077254620363807,5.232767275191249,10.54030570839,1.5838922608686952,100.0,True,120.71603685009572
Tabby,13,4.197262220905865,1.167774094559673,1.0,8.064310872778579,5.011092928075479,4.688301831153311,6.846514098927358,25.9503542392605,2.47595262612428,74.48930749274946,False,103.69693373171964
Orange,8,3.987432336331216,5.001532931155751,4.447157820321826,5.857724873219619,2.566079485792385,2.978590480694542,5.380070129556103,18.19888565423629,3.816131803971076,100.0,False,99.72664054246157
Orange,10,4.33254916275756,2.5553715972522757,3.2050169324370357,7.876601107946594,5.281739910886379,4.235711418837296,5.255005774035675,18.153060268093373,3.996364092558119,83.57762185173532,False,97.97088212169214
Calico,4,5.074731657481795,5.537873475514581,6.533287590903074,2.1628468505379144,6.051934410702872,1.6934570534127071,5.036958686851484,13.37975283669747,3.395585600498672,93.2512676117171,False,113.07396070239976
Orange,3,4.599463131904271,4.5172394043949815,3.7467838250983982,7.310756635210078,2.9698133335097174,4.0947056318470985,4.615709233154914,27.606569230879124,1.9238279874077524,78.2023767571921,False,72.35947109691062
Orange,14,3.5924261108697726,3.8593572345348033,2.5822896935445376,7.728786324175502,4.128707310935967,4.188902315116593,4.541814098829641,20.743558987584645,2.535130578165939,96.1209315595631,False,96.3465983008858
Orange,12,4.469541509099159,6.470613109555467,6.807032215224479,3.477137388595194,5.824890593249711,2.388124866414268,5.69960192006204,16.27063915470395,2.3060656377759914,100.0,True,117.28132316645758
Tabby,1,9.31532869324261,10.0,9.76630801741952,1.7614330782026928,8.05480924421149,1.60141182573298,4.548936443461456,9.183355172107522,0.5,100.0,True,126.35606267895602
Orange,3,5.374855516614231,6.418413429209152,5.25582345012778,3.5236666354763555,3.793541949802822,2.428353352136474,4.001004655750138,16.287603614036435,1.0904646387781467,100.0,False,96.9199930214315
Tabby,6,2.764853004090029,1.9640073309726496,1.0,7.95989610167958,2.741503371303264,4.592004449906652,5.236343415130661,27.897240461411243,5.0,69.47063983763624,False,103.1181796331825
Orange,14,7.712110335036725,9.38243008273714,8.306748478013526,3.11189536845541,9.641940238827722,1.9588791730919897,5.184236613277308,10.33404616652206,0.5,100.0,False,89.52662297383787
Orange,3,6.516658032807845,5.920610234844308,4.910464278099827,5.576185559318209,7.759455478080293,3.1027797725784376,3.1850007807430405,21.025089085471823,1.8238994899119725,100.0,False,111.46822948255095
Orange,7,7.629831991703659,6.679028755915613,6.851747014503178,4.037339684932156,7.807200251124938,2.8854073040225563,4.4328333593152145,18.860931696181037,1.605922321248051,100.0,False,94.124221684101
Tuxedo,13,8.678005856604944,7.257358886620152,7.729002312588904,1.245717120091618,7.0085058940780485,1.427153190972286,4.441196636648403,23.781786206321073,3.915206673946934,100.0,False,107.6048242531778
Orange,5,8.047892408351622,10.0,8.445744149410771,1.0,6.159198794588463,0.6307848321755994,5.560425356219075,16.9626513685558,0.5,100.0,True,122.39344593633815
Orange,2,4.741861311279081,4.377695254534391,6.04270059953651,4.2076188807425225,5.085017817228007,2.3659919991661327,2.5,24.229009847729895,2.0769439520516686,91.25871887525938,False,79.25991690818324
Calico,10,4.939042325477203,5.35759359584042,4.7782540252754915,5.974352145447547,4.097033270144226,3.227120002082244,5.1433805521073435,21.2678527310784,3.121326539281584,100.0,False,98.64280845267764
Tabby,2,4.2396157602637,4.072402731221545,4.9733922643569,5.175096010744443,2.258344423988623,2.9452807874677527,4.76933806271388,13.137674980894763,3.832501155902003,95.74493025354676,False,114.74867714402065
Orange,6,8.647426867319712,7.401988774918866,7.136095398691642,1.990646342966511,9.727407247596302,1.4551690270087965,6.149189183651393,16.243353671224536,0.5,100.0,False,103.43270267687949
Orange,8,4.549821394962366,4.802896049944712,6.177280334446922,3.5763807047265668,4.2322851309687355,2.2791930077604605,5.087652545298713,18.16876142102784,2.1582267704001112,100.0,False,114.14177912034108
Orange,9,5.147488452143498,6.027799065058545,5.969747411584505,4.76688264807059,3.375520067402061,3.361039944342521,5.422347121277594,22.80928697479218,1.101579250828817,100.0,False,113.74547485780772
Orange,3,5.764139257086772,7.237090697760118,7.605917028547092,2.742148689214653,4.498950382210555,1.4893513764801525,7.806911327841451,21.32348713761143,1.6846897190220862,100.0,False,94.5283133423542
Tuxedo,13,6.859670011937578,7.479390091771562,7.641817917205571,2.499187743157057,8.063789033459681,2.037784041956435,3.7091583846959297,15.892036220999008,1.796873738246614,100.0,True,135.02082666105682
Orange,6,4.637035608457742,5.028576977525219,5.623773796309801,3.453021344315827,5.668730445822108,1.9326723691873824,4.275452582303543,22.025013526306573,2.6849993806776946,83.7598109615751,False,84.43962545045626
Orange,6,4.618516505178908,2.7573963563597848,3.215499951231437,7.497613860405319,5.985232868477617,4.732068915431714,2.522025319486978,21.550660165818563,5.0,96.64301338740884,False,97.71666336405724
Orange,4,4.516241036175674,6.060956716744091,5.631887962439758,3.382657957162227,4.350699470368539,2.2921121231626227,3.118787713026852,7.519485943672441,1.3585397940303137,100.0,True,115.48030515354586
Calico,3,3.587294779897786,3.826031989698039,3.2442024921119104,6.909080171309599,5.581510123174121,3.886096381532307,4.224626370063748,5.485038645772317,3.0450124793822098,82.91984833194375,True,117.69730173073704
Tuxedo,4,5.985439425252407,6.108974231442447,5.315737498117674,6.626672228234611,7.960512226585734,3.651297576297911,4.070381783513155,14.52237126719092,0.7008534494918472,100.0,True,130.80770384753674
Orange,1,5.916132470216661,4.40268858598853,5.259617810756351,4.633034795558318,4.015848303034264,2.9028547723223728,3.5228414012217932,23.809734934736696,1.9549488839070452,92.21689273241918,False,95.645235410991
Orange,1,3.9840791113874183,5.684458486298944,4.867611263468215,6.487047969248463,2.9251230997053743,4.0974655308100045,3.005985832391649,22.86223275869195,3.493297980840919,92.23077529230112,False,101.09756115259349
Orange,14,4.205840879074161,2.7533368843069903,1.0,8.716738635015867,2.349796101735635,4.60991314034696,3.6556866118974,19.102486556605836,3.9994105542160745,80.92499389106398,False,97.5465828719034
Orange,1,4.477672883956791,4.788517331818196,4.3634768939892,6.461879997756101,4.413492314265145,3.236108883556376,2.93021166697726,23.51971468414122,0.8692012417926431,81.12337250780712,False,92.07505108132008
Tuxedo,12,5.763651616617879,3.187804274161421,2.086998827018344,6.642562406540128,6.52129292423535,3.8570055679712487,8.059619734017273,22.01184453998371,2.1913328966286576,84.8265418626962,False,98.66936540549676
Orange,13,2.630407012985562,3.0922959854677767,4.754073036202239,7.008236345128458,1.0860750909749362,4.466298618350866,6.404874985322747,27.803644225352407,3.138581845593,63.111700703288136,False,83.96477992834943
Orange,9,5.184406971445764,5.684053776099757,6.588756080828205,3.539629127430462,6.059213945135143,2.5497505916877734,5.436026219550358,22.56168026941236,2.4597257786404385,98.43459323399354,False,86.94197301606847
Calico,7,6.454333330896494,6.575819745612433,6.387891884283801,1.7315218888726778,4.502550866579389,0.951289105289258,594.0726946028709,18.18663005823959,2.450346941218513,100.0,True,122.13244268922918
Tuxedo,12,5.705219174131237,5.2898878158137705,4.2603409551464235,4.467349088632234,4.5294228990721965,2.8802351175735574,5.152807506467457,20.430397875829563,1.6443156816978486,95.98572113528208,True,121.52161758342166
Tabby,1,5.628329582863787,5.777628046970634,5.727845407908535,4.530351969362764,7.29499938127983,3.249461380244167,3.69160212394684,16.59276410648781,1.9664387686393925,100.0,True,118.2511162897699
Orange,1,7.030299034446826,7.828400334588832,7.454735403338924,2.6735885760693265,5.088956487533566,2.0252675870160237,2.849868561263552,16.3837342011867,2.123865540235931,100.0,False,108.8131631195552
Calico,2,4.105926269336385,4.193956356345324,4.5742762029957715,5.18273093069305,2.273996862276285,3.303203750922167,4.789739690464161,12.26909941561784,0.5,90.97794911294366,True,118.96546780945243
Orange,1,5.814749295264905,6.591864328911413,6.947502921059085,3.13516836747722,7.646952285641915,2.069204843907293,5.128649994222386,18.1290325854229,2.1128062936937626,100.0,False,95.20237976849032
Orange,8,2.4521012652854703,2.128320178529909,2.7568474421297573,5.460097080795474,1.9762157920343393,3.246786523201849,4.847156696122315,28.437795621683424,4.674910922840317,70.55444735558443,False,74.63097479221148
Orange,12,9.154130545086362,9.895624234942746,9.014444544682997,1.0,10.0,0.8024866962814403,5.546957731431985,12.156439474823433,0.7130811682747417,100.0,True,139.51419095060393
Orange,1,4.622058955198903,3.917333793027931,2.9268322000581555,6.160398953096831,3.8905595831808406,3.793508181369982,4.303571356948831,23.46460925743359,3.332307793288408,100.0,False,88.67185276252718
Orange,2,3.418204518840321,3.585427481757026,3.266312040335632,7.164185700422946,2.5094510525971065,4.058143922514023,3.7958527908786346,21.944143746605967,0.8316467925042503,86.69111723273267,False,93.91139122343915
Tuxedo,14,5.12323899591442,5.46408853010331,6.024968538108722,4.117024736169479,6.876312692012576,2.3229784938627653,6.125094095605911,13.007701722679696,4.424380529015561,100.0,True,121.81536829309258
Calico,5,2.0610292482294494,4.3825564871610805,3.6009428344831593,8.476202750273625,2.5051021811024756,5.0,5.100944461613595,22.692720882306165,3.7399473591155785,83.40667812176875,False,94.76777141549016
Orange,5,11.028216877652444,10.0,7.850459132661553,1.6036841964676536,9.397706944801396,1.5699571438108868,4.590237864683196,6.1285392852211515,1.2562506949979368,100.0,False,103.28684630072314
Orange,5,6.89787280684066,4.113314731936252,4.027722835952477,3.8115022143571182,6.891490608227164,2.2307228713238496,4.737317081753884,17.779985233013647,3.4346343740748493,98.22460853144388,False,100.03875234037604
Orange,6,8.195512849812426,8.69625814280079,10.0,1.0,10.0,1.150871465007915,5.205537900987679,4.0620849742265985,0.5,100.0,False,107.17764418515212
Orange,7,3.420685183212936,3.223548514932976,1.311695296988714,8.876806784942094,3.2835866316660094,5.0,4.402521755396658,23.170416229434625,4.8554957582875895,63.571182345015146,False,76.63775437185214
Tabby,14,4.171318222895881,3.4537928076349287,1.8725600355798535,10.0,2.2014213456420744,5.0,5.676653991189815,24.372468168183104,3.978795456692542,89.5266053601678,False,100.27059613828357
Orange,11,5.4487519418640185,5.342037937721561,7.073047656089326,4.0517194406775054,6.42064822225737,2.4535543130166353,6.093823888050865,16.77593578986942,2.324202765255691,100.0,False,80.07315577400223
Calico,12,6.131081510426317,3.726191115276168,2.141144656544146,7.870143045721041,7.122982396556757,4.524716860368336,5.698080747312024,24.179250048819775,3.560001258705845,96.79744376750617,False,113.12103902231644
Orange,8,3.978941854070123,3.715391724052564,4.622612502660112,8.266441690573144,5.5909253931587655,4.825758595346153,5.881032977669478,21.31681256395597,3.2901838458142794,93.80281255316436,False,79.71611567272235
Orange,5,8.47372328574777,8.520499688395068,8.4461423597155,2.8167257783791264,9.342211380409072,2.049901801536344,2.973710534471663,19.74114706083723,1.428977929043348,100.0,False,100.56726741992614
Orange,9,6.605009114672977,6.491746994270336,6.473067137954631,2.9640830008440826,8.397549694793852,1.7441424838083992,4.295052023050077,4.093862225584532,2.530721335615907,98.36357395978855,True,121.83180391371654
Orange,14,7.2208196737901105,6.508425664222204,6.251214315498646,3.181454970808232,9.007034963066378,1.7292924938191454,5.686004249275979,22.601231981235173,1.398583355933515,100.0,False,106.72360882253936
Orange,13,5.638771924412328,6.518684778503658,5.613890832771224,3.248903922128812,5.4691109286194735,2.331124544637629,4.292555609854492,27.833085282724028,0.7829449260922016,100.0,False,66.69277742212286
Orange,14,8.197722945792297,8.935547399250384,8.884765786049673,1.309153097365549,8.72494769470521,0.7038409830649167,6.786131116339852,16.649342104962265,0.5,100.0,False,105.09405119910387
Tabby,1,3.1178950230117506,3.3244698322911717,4.529743298138327,6.695628669556564,3.838589794333093,3.4712601494620836,3.507676677529607,25.21193352218472,1.8734190627111689,84.35534126018021,False,102.0705650998735
Orange,7,5.7886002868527955,5.459246530920172,6.302861525881443,2.18514501429583,5.604937023360321,2.069772698614407,4.461277917455977,12.026343870817964,0.8398157637451409,93.7461574555152,False,106.03043784506043
Tabby,7,5.885357126799149,6.511384625474665,5.060075264643741,4.461011946099852,7.731652417278311,2.257826499364094,3.740655516292649,18.30274686468028,2.2707643570020117,100.0,False,107.97717099311365
Calico,6,2.614515055447942,1.430500235539916,2.6705145299278747,9.464152994963548,2.748439706921849,5.0,5.01233836653362,23.206811677035873,3.5429568712643986,70.24076193479232,False,99.490174882984
Tuxedo,1,4.636737961509571,4.7950927135466355,6.318388761261651,3.4945895050772946,4.95729867107811,2.2316100887473818,5.506606649133731,17.766190597071297,1.06016151670443,98.64905133841177,False,114.3186600318703
Orange,8,1.6334292974443088,2.897025507538218,3.128488568805362,7.3527165713025795,1.256087884854027,3.7916980321000375,4.164006742581257,28.547109039090422,2.446470372778986,74.51558024097197,False,89.29231950464037
Tabby,7,4.12474499750221,4.524243517693532,3.064860636050441,7.977598452936786,2.8138044151033363,4.707403953590363,4.084399490075877,23.734553731481466,1.3603628230497973,88.00589841970339,True,117.3583835791754
Tabby,7,4.860862178597205,6.420181486059071,6.721805096377904,3.232977573228959,5.638800681960444,2.5570113787286917,4.274263824659035,22.443449706770803,1.1969967565765454,100.0,True,115.14756533301004
Orange,2,4.7014667797152505,4.664676602633466,4.03665665953442,6.702488071821198,6.175615017583123,3.942320243125108,4.448431420541293,26.4697487755542,3.37863990819536,74.21864122705284,False,79.76306294731495
Orange,2,4.734937308240536,2.357196733538582,3.2307504636985467,7.419777453062459,4.927678412857407,4.549307924983921,3.9914324124947864,21.56201169824184,4.503461625115053,76.06282801547466,False,72.26237079025921
Calico,14,0.8526272412738907,1.013629860325191,2.3731003864334466,8.667981526302205,0.9909979479882218,4.6630506477195794,4.854889189442266,30.0,5.0,60.75329309847115,False,71.13056297542119
Calico,1,6.691136006874496,4.270286280003439,5.665909791651702,4.600300958042497,8.564787176714457,3.1830051274901745,5.347525793428305,26.84786137681496,3.3398861210862996,93.69508826776593,False,99.98227564097428
Orange,14,6.566108345186276,7.340123814159967,8.129310116381328,1.0,8.390862008479512,1.451625419154459,7.023032538141784,10.51200628250056,0.6156742275807177,100.0,False,111.86845981456678
Calico,1,4.582726504029881,5.897482353875108,5.858963010766691,5.5918886481965275,3.802515877793764,3.2955151996575074,3.964703776858168,14.643599611854214,2.0751643775230253,100.0,False,110.71735529597416
Orange,12,2.248068422535513,1.5995755973814885,1.0,8.959726325091934,2.251672194042446,5.0,6.657836699908708,27.16553341264857,5.0,67.11734814574142,False,53.34804132444305
Orange,11,9.140616364400936,8.8506820935812,8.148624819558727,3.4698474947942426,10.0,2.343476648000649,5.165733026256995,20.09074008170927,0.6305311823730655,100.0,False,110.92298320948574
Orange,14,5.156153540781786,4.498188990444226,5.706324371463585,3.699435964669043,4.880088733715745,2.293281328644732,6.16174612238765,18.623306223743995,4.08414784211652,85.8259678937379,False,94.56282262665252
Orange,12,5.64810592425058,7.262174746448789,8.299275080468318,2.1697616783263554,7.2818729375921905,1.2699318169220608,4.706967302571249,15.719400779796914,1.8851090767526288,100.0,False,88.48404178392268
Orange,3,3.9372730762038186,3.947693920355976,4.494585783888956,4.833350242976156,5.7727086562584535,3.1231786589765744,3.804776854794584,23.652683769124035,2.2339240205805035,93.5084754274492,False,85.91970295679161
Tabby,12,7.955263049602473,8.01560085077235,8.432019280951378,1.723953792832921,9.576328525995464,1.3249200598270965,3.481476757818294,11.585534649648812,0.5,100.0,True,157.14813173197285
Orange,1,7.626490574804517,8.58113172136702,7.359306589781804,1.0,9.356581094220186,0.8770604483284296,5.8047913758091845,16.917956741976198,0.9139879083146534,100.0,True,116.99100788342626
Tabby,1,8.020765408263188,9.307267338990783,8.292852784555622,1.5996457040662486,8.954857106470966,1.435570726662354,4.909524681127261,14.457180967723952,1.6636432809905826,100.0,False,112.25131011542172
Orange,13,5.508973467024269,5.668384766125055,7.481013374682686,2.5190772718564,4.727362291053997,1.869222806271132,4.6880893961217,16.407399920831793,1.2092371218715767,100.0,False,93.76842221965148
Tabby,11,4.8052592381713914,5.781535244449504,7.663357405928874,2.117553121860786,4.469033771497983,1.126664964540534,5.82385809597283,11.544771624735093,1.2150221004525728,100.0,True,125.43825809394536
Calico,4,6.448016297431401,6.609245326299296,4.883173760697789,4.5831581726748665,8.30165429383602,3.253786303343485,4.609821389329233,20.402745128735987,1.562519018837013,100.0,False,113.25793983862016
Orange,6,7.390510823245955,7.429651213026761,7.263125290259008,2.394728199599451,7.902025051784273,1.7376945335401088,4.900188854573431,22.225945264730672,1.849289577464072,100.0,False,107.80325663545295
Orange,1,4.593560996052808,5.0902079025355125,5.8280328442141975,3.350164113395164,6.0297114885049234,2.3834310715208193,4.066512728170643,13.80915271840576,2.529782290586158,100.0,False,103.06298213577529
Orange,2,4.366459442579456,4.001401808428274,4.56900531515075,5.31395468560609,3.8381780015737816,3.5959886419351386,5.259670741369539,16.22761180995289,4.002893480072922,89.52692108056573,False,82.121256317517
Orange,10,3.789170535982325,3.834205695943373,2.958313823441398,7.203108824978615,3.5377510949317044,4.300259267428861,3.3382099097778775,26.055827896528523,2.790786179290321,93.3699737149386,False,97.53386630465968
Calico,8,3.606065119451568,3.332884215591265,3.771545813736263,4.682765773595413,4.278236903247002,2.6404532825650895,4.297543222284712,30.0,4.245023022000721,81.07109822630746,False,79.34549658217493
Calico,14,8.81586169557788,8.539849759781303,8.898341104727256,1.0,10.0,1.492207914524206,4.717722901575001,15.539634325434104,0.5,100.0,True,117.7645578094412
Orange,11,6.6456870904746355,5.764966802550989,5.690893643164382,4.276741013840995,5.101388164811139,2.6246116553958916,3.738877320545696,15.435048044498206,3.10140749606549,100.0,True,132.2666673806877
Orange,11,5.247644924792921,6.01578488840987,4.164935046832605,6.1631346982829,3.9833727233391554,3.384263534486553,4.313510914374356,20.81049794456862,3.5771156294084716,100.0,False,92.1033825961021
Tabby,9,5.548739477645281,5.538812676647645,5.406748675326629,3.852824972474752,6.330238110805592,2.80212458364468,5.955883922216531,,,,True,119.22903416129944
Calico,4,8.288204174882269,6.536615774863058,5.469243673924311,5.180881392083144,8.252393448649338,3.5702133603430948,5.260234952849352,18.9440944551032,3.295176174715383,100.0,False,95.09316293195248
Calico,3,4.93438698284824,3.0720925732751336,3.0301113840045923,8.018239783705358,5.079860055438674,4.465325016939362,3.73521793001438,30.0,2.634954682661244,72.177476621137,False,88.90698590237693
Orange,10,3.704755025924307,3.9099164341428407,3.2075704358264825,7.153834489925349,3.634669171912033,3.74450307125922,4.002034299398971,25.00692010958079,3.3572444529516465,90.66789384320523,False,104.95033105696405
Orange,1,0.9718328488743984,1.6139529376794286,1.466125575512787,10.0,0.0,5.0,4.2875460959020435,28.27641906549267,4.168690390536951,58.1477000709303,False,65.61446741971334
Tabby,8,4.38014712098755,3.680137168639261,4.19152655560128,4.583448962295768,5.214300190865464,2.576995124380676,6.43973321937314,24.584986263511247,3.2821464116981884,100.0,False,99.02078681215002
Orange,10,6.696595372957175,4.548692560834452,6.240732075069555,5.908691664553077,5.143436453261852,3.266623880220998,6.234048541566178,14.891785140695898,1.9895186599895789,99.19088249047331,False,101.0104040822446
Tabby,14,8.336800790605572,10.0,8.871942743235598,1.0,9.529420746127547,1.2411879165404276,7.68342029974329,11.396936993039562,0.5,100.0,True,123.30090163809383
Orange,6,6.2161218382840016,4.663638236331697,5.162672187902383,7.442642161447805,4.514328390087407,3.931606569449604,4.269412519568171,13.272254638983966,1.587996313946803,83.94201997605909,False,110.72125749965662
Tabby,2,5.141196606362382,5.992387765423593,4.001065570726181,6.0232753835981905,3.853248620476087,3.674258366172493,5.581245561179391,22.41356144660676,0.5,100.0,False,107.27129373227842
Orange,14,4.541735513436076,3.604062882328346,5.164670667296438,4.98827998456521,4.4569091745472065,3.286205112535064,4.32179942506746,20.570921638515383,5.0,94.49196751608216,False,84.97088094227858
Orange,6,2.7601915359164875,1.4895473774796797,2.172369129895565,7.151431009593817,3.375536630908874,4.027236688293385,5.499710320031387,30.0,4.768484222978144,73.69099115080412,False,64.54060763665844
Orange,4,1.6696284880832462,1.0,1.4686330179458826,8.04546695989571,1.0016509907661997,4.45009547488275,3.8516152790462033,30.0,5.0,68.41383599991089,False,76.3871812825747
Calico,2,4.770654569680223,3.84246963835313,4.343452194703973,7.093471934024347,4.779844885847379,4.2518671061094135,3.184944856707698,25.395497567064343,2.213674229825198,87.07059594283137,False,109.00910319558302
Tabby,10,6.157730504585643,7.2116451771682435,6.436525780987463,4.600907922577237,5.406907302364306,2.9766093994085847,5.819440211241157,16.165717582373496,1.00174381185104,100.0,False,106.03975740166578
Orange,14,0.8554258328373505,1.0,2.531253473896792,6.858291319306014,0.0,4.194801643942784,7.403890646744145,26.06568821100741,3.5718932108490837,55.999307529160816,False,64.30990054327165
Orange,14,3.733138250119519,3.4172764099861523,1.2900787833791356,8.274151336661033,3.3115074069408017,4.165510595731223,6.444919379409014,30.0,4.710341259098119,90.28362059844385,False,91.4087997880555
Calico,12,3.2572606308030796,4.029711893878838,2.4534950462760703,6.438690431993786,2.748292482092335,3.6408260542135857,4.5373667358668115,30.0,3.2895133933496954,99.52187386140214,True,117.04492402512456
Orange,5,5.111893981464584,4.966610158654903,5.072836675617735,6.797444135385885,4.013083312339225,3.666303503392267,4.967633224171928,17.466778624068155,1.2897873324530815,100.0,False,108.31660999511098
Tabby,10,5.271103630894155,4.782867012915217,4.194868014910664,5.052795189248015,5.458013883096125,2.78726790169415,6.3033434182329975,15.230460907319358,2.0961187557188588,88.3308043821708,False,103.14132438349664
Calico,4,4.75354895241942,3.974035537840527,6.608669189360944,3.852866947490032,4.571799121893237,2.080768615247219,4.511405058123773,18.73167844196993,3.5987561686637313,100.0,False,103.2658653591629
Tabby,14,5.619874378120086,6.460096438722797,6.438520656670361,3.2632032831306264,4.1822947059816595,2.4051142829068812,4.015323975081917,15.211674847015924,1.6770917526291718,100.0,True,119.35376638328538
Tuxedo,12,7.056635385469326,5.419275130656747,6.1248880507506085,4.059876965841281,6.976143018453721,2.87531407588105,5.864939217203698,7.419344015312621,3.651325386427876,93.91207171204822,True,122.86315658289024
Orange,7,5.1443499589687605,5.254222014322851,6.3601333082999005,4.3390460930327555,4.046986354850539,2.9417138302108468,3.784431977774546,17.63659168795558,2.444353076106856,100.0,False,90.35405266708077
Calico,3,4.630454910490313,4.990760068696646,4.471662825068441,5.423517501851199,3.598752244560208,3.2607536257195364,3.4428573694522333,26.394222136880146,1.3396547118215418,82.49110608467916,False,102.80226706626672
Orange,2,3.9466506568453417,4.6904001440655305,3.6388239421396857,3.97056697238584,2.0707810585579396,2.4226409125972546,3.4185920283996114,16.382611210110138,2.5459026631619004,100.0,False,103.44410125350748
Orange,7,1.9346225813035771,1.6196919831259902,1.6825261760628991,7.646436656403241,1.5911337601705986,4.1114282198305645,3.7659801832320743,30.0,4.620232363984916,64.47951856132485,False,69.53184029934495
Orange,1,1.1062325455422295,1.0,1.0,7.995616619773015,0.3629414102350448,4.982179899021968,4.633888392649646,26.832662044453592,4.725943254221389,50.0,False,66.23289102322286
Orange,9,2.73652748482781,2.6254071904596072,3.137610048356221,7.158040340876309,1.230900320842515,3.9670868176611154,5.369093446733593,30.0,2.817085531672972,69.908535547492,False,65.46601501466117
Tuxedo,8,1.2987867774335586,1.7961026475924986,4.547897372967386,4.9038016104073785,0.062407999243458,3.20839448425235,4.280049394563491,24.26806953232858,5.0,60.42125684606723,False,82.79423158999776
Calico,9,2.414272783134379,2.101182927373716,1.0,10.0,3.681843842826087,5.0,5.498303892268899,30.0,1.886254418799636,84.95038614923172,False,98.23795893837304
Orange,12,5.769422969697395,6.20283821826966,4.25623833943716,6.026325437410314,4.730723082132205,3.843042250162489,6.0929181416856215,19.385242711098577,1.9348692571132975,100.0,False,100.4358204792996
Orange,13,6.338574242648094,7.683890899380826,8.46967466585341,1.6040467761061048,4.75716261777152,1.4595860475875782,4.732080179365616,9.278824743777069,2.051957583776076,100.0,False,107.29786780712826
Calico,6,8.65382051039265,9.534083600081344,8.544126754426095,1.6802350240889994,8.591682754468845,1.2752132097322089,3.05129274096375,18.40909286187462,1.1368019059854515,100.0,True,115.13868507993388
Orange,3,6.740183207069682,6.521073533573652,5.2123766012082875,4.109668251197468,6.36368580058917,2.338710074696514,4.355218628601726,14.066226703214536,2.0002407243168103,100.0,False,84.41936193254804
Orange,4,6.297767081350686,5.0413156508131305,5.631464399874437,5.53547357600946,4.94821038332613,3.2139797190869497,4.864595450910022,19.124120801208395,2.0503482823197583,90.59093548930556,False,96.58526304711911
Orange,11,4.045356811285687,4.31832907654949,4.871163684751847,4.729384557188142,5.858461977779317,3.288848955609973,5.853022884247032,23.354789372242927,3.5883291873256256,100.0,False,100.25252083153636
Orange,2,5.512422371371686,4.175819971221255,4.163631204599449,5.563061916754408,7.113237989936225,3.583576411194031,4.122526783986736,30.0,2.5187085236304743,92.93583576610432,False,95.73394428183028
Orange,4,4.071629684373283,5.049528441560389,5.846464405815656,6.107486547854466,3.7238158554931617,3.2448360177719784,4.415324399077133,,,,False,101.71940047926334
Orange,11,6.878213263864262,6.809790933853015,5.146135163229791,2.984597854528976,7.9015607280026945,1.511390556281773,5.006343269708409,17.305998784197676,1.7186377819994696,100.0,False,87.35215652251084
Orange,10,3.867212560118862,3.2407575476673705,5.202562233758135,5.477401879752095,5.563543405372235,3.2387924674634085,5.029615835635807,29.984494832719456,2.739943886324471,73.08744890439814,False,62.6712475136226
Orange,3,5.314137921111954,4.652161695126468,5.344198608036367,5.830657371141898,5.462921883153151,3.160947552403825,5.101332091595352,21.10734059172179,1.5738089132085282,95.4573484712236,False,94.11431005905791
Orange,4,-0.4631140127012649,1.0,1.1378446147703425,9.969074358126782,0.0,5.0,2.6558501130271193,21.52975284912126,3.8856049415958633,63.53650606824924,False,97.57129763783102
Orange,7,3.936966743001524,3.048571713416834,3.669274060235889,6.454442369671076,2.894556825219469,3.517438718924632,6.253580877700728,22.09036647314231,3.934424740316359,74.66069846244824,False,75.12969311155776
Orange,12,5.090293571396618,6.574850187369378,6.252934698481252,3.4997209765937725,6.671225630079709,2.0453198183602392,4.847977165120376,15.028540792090109,0.5,91.56489607661378,False,103.81096715898224
Calico,3,3.8717007891598527,3.4080632305236964,4.000786334604312,4.641245241410455,4.002271593848625,2.976920962198848,4.984151781894457,16.816968560132807,2.704993664857766,86.9278663085707,False,112.98241692326512
Orange,2,7.357548543157177,8.433292195296342,9.31797209279748,1.0,8.813936979986288,1.2707426026737814,4.276709876860112,13.03591134115241,1.9699378958119176,100.0,False,111.58911588809583
Tabby,10,4.873023004503225,5.688137392465923,5.796054816673778,4.523460944568956,5.838872539298339,2.4326201153789975,3.4945470614961467,19.65730205730513,0.9533321273756136,100.0,True,115.1104364067548
Calico,1,5.143797569611985,3.6851137044804223,3.52776240007663,4.583884734531948,7.022015130311082,3.00895054069024,5.037819698410619,24.06339773757316,1.660594648522699,75.0088551562878,False,97.20819891630435
Tuxedo,5,5.579050112566131,6.248068213912916,7.0800678085150075,3.001264570028394,4.9540044096788485,1.733583969024143,5.066890814821585,20.51925210117294,1.4913843883140177,100.0,True,120.28850188863416
Tuxedo,6,4.608379385835039,5.782486302062603,6.1334643850916715,4.685585154261725,3.7419598860147096,2.5653041136195016,7.2425970529664685,13.373382753026029,2.8689767499891277,100.0,False,104.36537844006916
Calico,11,3.3651800711612014,2.804983349432227,2.1782538291219717,8.615370807048523,1.865954927096523,4.757862563517144,4.995719752267289,25.966785551094382,2.677698314884049,75.91856328794249,False,105.158296311331
Tabby,8,2.763644834041005,2.322284180516211,3.211433201767487,7.36317630042306,0.98415079385736,4.240973991452912,4.915446071316988,26.32843061802831,4.8906769681885365,60.39580375527018,False,90.7577378433012
Tabby,10,3.8454208484290113,2.932458334802874,1.0,8.371486435773248,5.7660860365387805,4.997054930510341,4.838097614960621,29.610212740222444,3.514823969897112,62.994122590964395,False,89.87566796731059
Orange,7,5.16379058022671,5.234675951676471,4.612022027998239,4.33101180613969,4.9362007552231555,2.466334488237244,5.293244135730675,26.86600096617397,3.1801652011486903,93.83422048040129,False,98.90859677668873
Orange,14,3.3059043281480154,3.738011560349221,2.9099283513178893,7.2847808275747505,2.167534094897235,3.71583554020601,6.829948001151185,21.33611106498083,4.122578684203313,86.15839548300093,False,83.77220742063611
Tuxedo,14,5.397896937766001,4.504447294838384,4.3598371242730565,6.377426776516306,6.5737947419747655,3.9849785989483464,5.5018910499743505,16.203368207096133,2.4149647905476286,98.9790790268656,True,127.46972727297651
Orange,1,4.277856352148726,3.081877685630225,2.609699513659461,7.481334282082289,4.368015491180948,4.560364159524866,3.9015688274335703,23.595509380389775,3.0614655075359725,85.87182355972598,False,82.69742543106443
Orange,10,4.06151081837753,4.350990919683248,4.4592952652844415,6.288255691221025,5.719900544357559,4.079197126671971,4.4322802947981375,27.14838352627057,3.950102915326823,84.33201174500911,False,72.95741175299082
Orange,7,8.174156407801188,7.687968144750219,9.003234521562831,1.3947533598135613,6.799723579712695,0.9584226663808342,4.36701032855343,20.711723772754425,3.3114776985995107,100.0,True,120.0503262350162
Calico,8,3.1334046379664557,4.314898023615431,3.882318011768869,7.4389186103872,4.5480956174731055,3.911310486225142,4.763251307518321,30.0,3.100151387254093,100.0,False,106.84621719422265
Calico,5,6.857564525261678,6.9516764876609125,6.561666105862573,2.626111831171693,8.388212653788047,1.9518714837175324,4.616385128003689,16.550826707239306,1.4972543862946337,100.0,False,111.29966147788708
Orange,7,3.983171967005408,5.237667628944065,5.2679474687545795,3.43126094078584,3.4701452102017174,1.736564804594166,3.9171494931593127,14.96631417606055,2.22088873786902,100.0,False,103.49637223594247
Orange,9,4.7220728061824735,5.337257875461119,4.613619306992076,6.433508171431924,4.57809103947651,3.9618642365852974,4.262390820634652,20.70495492354243,4.62709419150438,100.0,False,105.50220880177856
Tuxedo,9,5.082357416127284,2.3877118275127533,1.6604411854406755,6.193063195745174,5.940865650112713,3.734855121389824,5.1121464076657475,30.0,5.0,74.46468109713705,False,88.64914456177243
Orange,12,4.596357398724296,3.3982547780380568,2.637820891589494,6.370200265836672,3.774388631484469,3.2209080805602066,4.314260227276558,18.17633940078276,3.0742836825553876,92.67674622276571,False,101.41359425217018
Orange,9,9.131833759459708,9.042846837793116,8.711705548538998,1.0,10.0,0.5514277978225222,4.586980981683812,13.528707347419145,0.5,100.0,False,109.13536779269064
Orange,14,7.217776950889711,8.508933737336575,7.819891259858371,1.2220306955274882,9.077538152404754,1.443549896754119,6.381049584101731,26.658279671487527,0.5,100.0,False,99.9111253118053
Calico,7,3.3128920459360196,2.053853731639826,2.983666991361463,6.803430844780122,3.838400464972823,3.5648819253180983,4.434566201475393,19.78095584947247,5.0,68.69773754360408,False,113.4128565544132
Tabby,7,5.941081394819402,5.551295163002813,4.871503661193952,5.324087544345913,4.593918642961526,3.0107460524280425,3.8560147838769327,17.757522366705437,1.730127786211015,100.0,True,120.01910975713972
Orange,11,2.910056314401612,2.572015938384848,2.5210683860387153,6.7426707273786395,2.165825123569953,4.206590535335286,4.83671018943891,20.69976546103114,3.9961415568361014,58.82195499430743,False,73.77457519619314
Calico,10,7.351532634411338,6.7743880246228745,6.258849553033076,4.263090293010164,9.144747188373238,2.7449209892325492,4.4537806728594775,18.233930591532253,2.838248728105232,100.0,True,127.52139646991144
Orange,8,2.6289066615016456,2.2220216182102113,2.833985042035945,5.824520111950207,2.4939081010975572,3.0619519068896115,4.2844250027861115,27.093657890440127,4.1379113450569855,80.41199473394204,False,73.68094626550774
Orange,5,8.028803686857604,5.6088516220274975,4.415565005781528,8.335770414683047,8.027655720074657,4.458962541158801,5.335291646626221,21.714929557105023,1.5515138030805824,100.0,True,130.34926648461317
Calico,8,5.715608989957622,4.924203447357532,4.242074132853944,4.257504679964898,4.062322790860311,2.9677977426672033,4.282999855503435,23.587142198145777,1.1969872799595862,100.0,True,120.88059272402543
Orange,1,4.094009269016749,2.7771455014520714,3.142026873240172,7.774638319350701,2.196533500287007,4.818383655723403,5.5330733007511235,22.729557062216244,4.571050435300399,85.46837904852073,False,87.00401995757832
Tuxedo,7,2.6786702024496747,3.355624519137314,1.7084042056917903,9.98282403617505,2.9735710540326883,5.0,6.1499157915979925,30.0,3.210136264414528,65.52628909002206,False,99.63985083550476
Orange,6,-0.218487270784446,1.0,1.8384861655973723,9.02895336818422,0.4411950204357286,4.9468038187738586,4.692435476802654,18.006825361148884,3.422839024332084,65.48650268546922,False,84.0822913622074
Orange,11,5.206796906220028,5.941770613501153,6.0381472597236066,3.519386279923697,5.938386581666135,2.1899151156657517,5.690848733255024,26.82576821178206,3.2654333381974103,98.8452019470262,False,85.09801337193377
Orange,1,3.893985015569875,3.6693573698766127,3.325399406306191,6.0187676941185275,2.1474775029987803,3.947840169150772,5.387033310705067,25.746539449021608,1.9443488308612495,82.47161570396092,False,90.04654304321967
Orange,4,5.99633033591811,6.682705322927458,5.576797537869983,4.143572445024882,6.056288406544459,2.93848465720557,4.654675057507573,23.258270759255957,1.4937605426486562,100.0,False,112.29940790150994
Orange,6,4.379413511288296,3.3794299296471912,5.355915496111589,4.777696842434582,4.996888554909745,2.705932472014934,5.910643860784279,19.41537880600429,2.725150471216554,92.11363273857924,False,104.07776777595063
Orange,11,7.2616211766817695,6.328873526253113,6.841382600389648,1.0,7.088221941845226,0.7420074944188811,4.118751996048332,25.853623330305176,3.050899136296679,100.0,False,93.21337964621632
Calico,10,2.5277390125260677,3.4049676564958884,2.8693590272407388,7.2770222603202575,2.578874958727186,3.8524706229102943,5.191928193541263,24.256453023684596,2.739070534985503,67.89089091826072,False,99.03834976787108
Tabby,7,4.20938132933313,4.710820965747782,5.0613571860302535,5.547152660985656,2.574116160904607,2.9750226236550317,2.9642398612507836,20.605460891481172,1.133419254111953,100.0,True,120.371175706754
Tuxedo,1,0.373044983638743,1.0,1.528921384732723,8.42851287971795,0.0,4.440677605838574,3.413892491331244,25.696014676486644,3.287489977086208,74.50011554044859,False,83.80987440092329
Orange,8,4.465539640881124,3.2512968957755395,4.488500722382935,5.186028135728763,5.3100509833298535,2.6713243912388713,5.634284100656261,22.306207623207225,3.430537019576554,93.12926374472472,False,101.3480115271894
Orange,14,4.67123436091833,5.158624084943732,5.2348879937086314,4.473049750146948,2.8553894589079256,2.5380829772476443,110.95067690362796,16.4898460325243,3.3406604286789383,81.75500494097237,False,96.0320116223743
Tabby,13,4.957518626202942,4.300122055698162,4.475935180278576,4.303163560110822,5.262492915156418,2.5187610242994745,3.849574548603311,23.11582450641191,2.095374742724755,100.0,False,107.09621580464405
Tabby,8,5.070858490434568,5.9892901041631585,5.8889425973038305,4.178448129739951,4.857105965600041,2.581767251087024,5.286528916173757,15.62805581105144,1.4245261883852758,95.43675845885052,False,100.12867293677633
Orange,13,6.827738551846137,7.241398874882539,4.965408568345767,2.9771460621459904,7.185906951704563,1.7357870304158736,5.540841302661022,21.58380958959827,3.4727020745079553,94.19701111757335,False,86.09460803680075
Orange,10,4.11435202260514,5.923015112044733,5.630321224554431,4.490933873251869,2.1509212406759772,2.6116845007371814,4.186684111855016,17.336644699160857,2.4542575064749195,96.46028842004758,False,76.84069436745958
Tabby,9,3.358296087492052,2.7424740622035015,2.0154153519513462,9.40003316932696,2.590951697720719,4.806110795568897,4.149968617986864,30.0,4.106627098787905,50.0,False,64.77004336993446
Orange,9,3.933405559261299,5.07194106940942,4.903837808154315,4.812404758765402,3.0276381117804867,3.0421214098122604,5.3182264072018315,18.64431611776297,2.789701134557517,100.0,False,107.324212379711
Orange,10,5.568389511079302,4.190021946705389,6.00763305763848,5.017577077043585,6.861546938652477,3.308629321764696,4.651369335346435,11.904363911143848,2.9417609077533298,100.0,False,99.00622781760856
Calico,9,6.10699551655693,5.220780023933158,6.041995559666233,4.058986458357798,7.349610945248397,2.5008445793834624,4.996571496178631,20.04494894914877,2.609388630843295,95.97732672482574,False,103.20941641866828
Orange,9,7.232047024236193,5.264976391018813,5.337143818773391,2.2087983148476913,7.189482358672955,1.2919516238247692,6.034502942955005,16.86581343741424,1.954701998242253,84.9571894175169,False,90.25421970000926
Orange,7,1.8738234867866503,3.3746460557828017,4.648477759951273,3.719559030730721,2.7315562888936875,2.831211844369209,5.044213512355568,18.07830025337174,3.308241343652753,78.0762892174878,False,83.96862210558423
Tuxedo,12,6.126457771962388,7.613802413201867,6.6463418150541,3.7249842007913743,6.132655152567738,2.105318929614485,3.8300958660654167,7.384652130837489,1.5783640855134138,100.0,True,122.55717153576988
Tuxedo,4,-1.0177809233913688,1.0,1.0,8.829485256159627,0.884042906912061,4.748675656853275,4.161618457618073,30.0,5.0,50.0,False,70.69790232897346
Orange,3,4.016925370892073,4.519161427547091,5.523804013311113,4.28728756576528,2.099173646844002,2.507403240775469,5.769540238657417,20.78258428582169,1.1367248871278095,100.0,False,95.23012394645806
Orange,13,4.1274991524471405,5.801905983922061,5.247005396584524,5.193065350098322,4.123924649389957,2.9318578375627045,5.756284188944458,19.873641465507458,0.924542286770884,85.13804919694071,False,86.36923837379132
Tuxedo,9,5.188528802959252,5.501262868252004,4.558501628862818,4.614012943460278,5.810189621917489,3.0341284958374843,6.306246983707022,16.14247640173771,1.95952983450696,100.0,False,114.81468043446844
Calico,7,4.17270683631183,4.586408406352954,4.9181419828740305,5.337104526762225,4.888284127939583,3.5217675269011206,4.872710893740582,21.170696521458275,2.9668026149715017,86.61383651609074,False,90.32436133987213
Orange,2,-2.101784653208825,1.0,1.0,9.56631041637238,0.0,5.0,3.3476104808465017,30.0,5.0,61.48521151085358,False,75.0782680071921
Tuxedo,3,2.4736196777701194,2.3441104254306824,3.649916343131345,6.0802613006358515,3.0006581041552445,3.441602627646285,3.41399447255121,19.37390954283763,3.752236051263647,90.78310979321888,False,103.39894414198938
Calico,13,7.920860416273754,8.151278062461223,8.717897184961439,1.6023477415420877,9.034008646935488,1.326117461821226,4.770923536318619,16.77809896985284,1.8725947826365803,100.0,True,121.0884655668343
Calico,7,2.2847136689216345,2.2596947488440917,1.2973890893921671,8.497007689164223,0.8552545396806908,4.716347314870791,4.392790729890647,24.556794058539975,3.2403312496272885,71.28833871560897,False,90.74429039489009
Tuxedo,8,5.580533396377168,5.826163631503251,7.291963826832349,3.144985484638635,4.008074505281655,2.5104598818522863,5.699128570676343,12.973621051989724,2.5355197051530505,100.0,True,140.21557475162774
Orange,7,5.111940325647688,5.201356104285649,6.414759690648145,3.94196142064046,3.764331242678242,2.575210632961461,3.2980278525292364,17.73635388689201,1.9984935464135705,95.9026468931873,False,82.72753150030485
Orange,7,4.398453870773404,3.951774619822688,2.5932901882293784,6.985658508298624,6.100427105970516,4.444693489646983,2.6337460349045045,13.811305888062376,2.113166958311099,87.9450847055237,False,107.18694945954935
Tuxedo,9,5.680563718535179,5.844528884920983,4.563728019018095,6.629526498091823,5.799157599865728,3.8960863867334905,6.749292669982072,21.778900096330524,1.1408660638732904,99.12805173712609,False,111.9664485829155
Orange,11,3.4552675284823033,2.6138594718516455,3.3795949623643367,6.598586783524656,3.7502847196523224,4.207459050778675,3.041990270814141,18.065835679153324,5.0,67.8266648798738,False,52.59345849204007
Orange,5,6.893007689290978,7.810153945748402,8.631181502611572,1.0,5.977920480185491,0.8393916051084885,4.813851620229917,2.987748914901573,1.4052565822715768,100.0,True,126.5970790249394
Orange,13,6.538112238601025,5.985736993095554,7.955111898126598,1.3786813612696198,5.480135066471766,1.1426506817994344,4.145684119487356,10.203915266792349,3.097707886284089,100.0,False,114.68775829949492
Tabby,9,1.7736542906797583,1.6584244875185696,1.674761844103318,7.544061658657272,3.205174331448945,4.6526056949512204,4.449765844159196,30.0,2.550344379235982,74.66152305208556,False,96.2632190440832
Calico,7,3.9252230993834303,4.282319979255938,7.809844116605842,3.0258411306454933,3.7945946124415193,1.9596958378646656,4.69862907956855,3.816636504386611,5.0,95.06544466213089,True,117.99054744303268
Orange,13,3.3619871654253037,3.187862208630367,3.6080717221680993,6.733417017583315,4.0168928361095855,3.6764106389165088,6.423736281679748,18.563933000769936,2.752413549042452,88.90101381548705,False,81.23787905045472
Orange,10,3.6766123120558656,4.548727236298807,5.50442310738072,4.695055894749631,3.6857815784824526,2.722298499115272,4.4358044735548425,24.728944663953612,2.200332764913484,100.0,False,98.48124030147372
Orange,10,5.484379014620608,6.709746400560736,6.992817417339865,1.9757649511627888,5.4113800184848255,1.4628810398663696,216.67673780981323,13.464042814108254,1.8871791470954524,100.0,False,104.44250897587378
Orange,7,4.567632736810727,1.926562004101684,1.997449044775666,7.401753315714759,3.178885348452981,4.600259803680014,3.419545494581992,18.526743579988292,2.577146907996737,78.56438226426002,False,88.70015999990669
Orange,6,4.965996587121315,5.743961219387405,7.163056868111625,2.229015331290352,4.0725835303280995,1.7242109950859632,4.055239054285789,,,,False,111.359093509803
Orange,12,1.5706392305697006,1.0,1.0,9.725873179561466,2.4914165857255455,5.0,3.5847943626568775,30.0,5.0,64.79080004341814,False,62.0998844874773
Orange,7,5.774553446719225,6.613731639796499,6.659469278685165,4.681985049798742,6.492736076476982,2.630599633447221,5.367352966754097,14.085560363908067,2.8210608624032387,100.0,True,125.41786718676708
Orange,10,7.111768790055715,7.926356823357286,8.380821449190542,1.233005017271532,6.103758684536539,0.9510654532458652,4.3804136029120375,9.29259926770968,0.6739899001953036,100.0,True,131.50695422005236
Orange,6,6.215508744089398,6.675252671349045,7.56647817666628,2.642024444273171,5.352431954919357,2.116281873138122,5.865577373160834,17.460105645433565,2.1293784624692957,100.0,False,89.89877656725552
Orange,6,1.955547922694444,3.172461627673406,4.213927528822912,4.971938256464183,0.161075922847695,3.266772795641294,3.649154029608959,8.55855902841487,4.305275179183613,88.58578291170052,False,82.97041426370805
Orange,14,4.599050627564562,5.091464644208411,3.934512193030006,4.345678116455989,4.534814515464801,2.914068308184362,7.723007498780063,25.29283132729188,1.0643104603977185,100.0,False,92.67068591307346
Orange,13,5.494230784050874,5.583221509841319,6.188995981392972,4.207468035424602,6.518879334651376,3.0203565576656337,5.745437628845471,9.474382966499215,0.608589129455055,100.0,False,111.22906989343772
Calico,8,4.78674481110625,5.1399502976093165,6.837662108047623,1.991102709595032,4.430848261152692,1.466288817220162,5.435434303337018,19.52369392638002,1.390961473930705,93.1511208320427,True,123.69417978807536
Orange,3,5.684179823151777,5.153834047373028,4.125582518434225,4.24496568492115,5.847884288401249,2.7195265437025857,4.656935368300664,30.0,3.6206301674640553,96.5992532422108,False,107.67121146663632
Tabby,5,4.265123148704637,4.998323886513159,5.864517433019435,4.4629259366212475,3.1918586499422483,2.582703164302478,5.554192399220961,16.030461653944712,4.49406288346686,100.0,True,115.1928984162697
Tuxedo,4,8.560219124233836,8.005055769625706,7.190495322257191,3.8687673675884415,7.570095814899359,1.960491596953677,324.3054569374473,12.316363045717566,0.8821872709470358,100.0,True,128.97129797661248
Orange,7,8.627122857785935,10.0,10.0,1.0,8.096814972685511,1.081369648134869,3.9355445369446063,5.367267512233163,0.5,100.0,False,114.47389465139852
Orange,8,7.104192232572399,6.656031286058237,6.909211768473294,4.15723318953048,8.503081737020162,2.833614186116758,346.51412813913885,10.52300838070168,1.9012472087385863,100.0,True,117.63675744888656
Orange,2,4.4105131857508875,5.549607687018111,6.476713851320207,2.584175499250205,4.051704345467968,1.3776440788299649,4.551742336092617,6.207574537051199,2.3736803760454954,97.91434645437656,False,99.3964690530043
Orange,7,3.767002499108028,4.767567980262239,4.006530330219007,6.926912959221313,3.2117938983030396,3.722222306503027,267.8670971889406,24.449065845828837,3.1028986172479733,100.0,False,96.74226976481307
Tuxedo,10,1.7328802225420712,2.74162385180723,3.3580636587043413,6.210910297665222,0.128653452503705,3.2421724065898028,5.687182207755461,24.97694467454472,2.442120561900981,71.83552227766219,False,105.88944263591216
Orange,4,6.912739292542206,7.368970268164124,6.885846424949194,4.060196803872778,8.236436527720407,2.344134042407908,4.514160975979972,18.56017367939095,2.3532228090857927,100.0,False,111.08022163599
Orange,2,7.180254566615814,5.126150762961786,5.216902305438545,3.6362561999562586,6.222857852153769,2.4033093751276864,2.5,19.16106938939035,3.589051041656978,100.0,False,101.86564252468074
Orange,4,1.1650069092638635,1.0,1.3191661454902857,7.786281865080564,0.0463563096975327,4.124027596664539,3.3344046581361995,22.72385236962728,3.173884351666908,61.4185169906932,False,81.76102576070606
Orange,8,8.481355531172097,8.986924498330477,9.17856485595502,1.0,7.656909095950961,0.8986382586236912,4.5548856107425975,10.090315975357266,0.5,100.0,False,113.86418749247284
Calico,5,3.493542292243716,4.139657098412483,5.06031853572936,4.496621179387318,5.087774230038958,2.9664254565410393,3.2794201952165816,29.767541297329053,3.7003360779313854,86.63023115892005,False,102.96899569891816
Orange,10,7.506031004462189,7.773522138873317,7.481601849226258,4.189772298210232,7.386463769185238,2.813955130995341,6.099960136412904,10.01707480377002,0.5,100.0,False,113.54643965247423
Orange,2,3.955947775159501,4.141592665740484,3.679496572740908,7.5020244658806625,4.553071426196344,4.232292691407294,5.356256242289932,18.548735852031903,3.0167856851930885,82.42089223988927,False,66.21618843925489
Tuxedo,14,3.393622119823973,3.707054110816096,3.701665466724935,6.0730978954446275,1.771489522342958,3.7558220787423746,4.31977342055126,11.653384818220168,3.482518921924313,71.02952831857841,True,120.68311824918328
Calico,13,3.976679005388404,5.692166789110903,4.946518031125697,6.544153669776567,3.5077821833298715,4.080692770154378,4.751239082123611,24.851867351711853,3.0078128026202537,100.0,False,106.56146264421716
Orange,7,6.537421035669239,5.808702132513037,6.083166529892028,3.779141357952458,7.16175333453846,2.358461370919667,5.598643940372636,30.0,2.0795120690039792,90.81026439914172,False,67.19138447922869
Orange,13,4.799740448542622,4.18068144324244,3.8857725279070703,3.8866667148565943,5.970819653991965,2.3856210213135256,6.602351227404089,24.12813935437915,2.343541059269087,88.57896738023236,False,94.5670277902234
Orange,9,5.487750917721032,5.276767149946695,5.38634383419356,5.341412562855376,4.926834489151217,3.667446970158075,5.115985869573321,18.454028146806714,1.8189738735074887,99.32783025035565,False,110.17365006962912
Orange,11,5.8405636471614635,6.9739269800849195,5.714658521574284,5.417231084210256,5.537281275673892,3.351668225615481,4.23704471315345,17.12244991822624,1.8761732441792895,100.0,False,101.19237667440616
Orange,10,6.178360695379686,8.192135780950546,8.591148799120644,1.0,6.3791271989393135,1.2420687404091106,5.246337502294889,13.160683650120555,2.3084159742587245,100.0,False,105.32904035980046
Calico,2,2.2548811024979165,1.0,1.0,8.013475841324523,1.959093343384434,4.514686957955331,3.811003932472493,25.496250324191735,4.374774194438382,56.71279396549749,False,76.46982392427968
Orange,9,6.9606460168648425,6.3344311690839765,6.411322850418929,1.2337508311827667,6.940467378343657,1.613180500916472,4.547496644189683,17.51918698796185,0.5,100.0,False,98.89880314300642
Orange,6,4.180394467709018,4.723736847060344,5.274823859979412,5.330259960881868,5.902479884330314,3.151246965563491,6.193587102835767,18.15401060854497,1.7246532088477915,100.0,False,104.1552542730298
Orange,10,4.754946357846152,4.339242105982553,3.41006120373019,5.1439099738861325,4.491828415377027,3.0329272850251785,2.8314053781751487,29.616522306484843,2.3992029781393365,88.62655991918339,False,73.85523923373007
Orange,1,4.020278093142859,3.253638742456844,3.586257266721284,6.32085537776809,2.119620352298023,3.2142905526422187,3.022861630681539,27.60590752786263,3.2213584542086156,79.04445335317492,False,81.6113819066983
Tuxedo,13,6.052441596913018,6.471644307972347,5.324227297807741,5.724077223719108,6.494587811917228,3.2040555618990645,5.58543838012948,17.034540257155385,3.394756332507011,100.0,True,115.04956791117854
Orange,4,2.436857211234601,2.994690269455604,3.2095182250108563,5.565918074606991,3.5927835845433895,2.8631872673676027,5.183160372598566,29.45472694966927,3.662270854836131,70.79355102213651,False,78.52302319646171
Tabby,7,7.196672694379597,7.473374635343351,6.8518890731494775,3.165545916166103,7.1913094729446385,2.355717563800883,390.53072883139146,13.252560824344076,0.5,100.0,True,136.76556526971325
Tuxedo,2,3.4452857694680006,3.8442221895776743,4.748424441093337,5.567095579401336,2.079915732766566,3.532085439068286,2.809414228988103,15.00002462951048,2.4030978108335894,61.87461513195434,False,91.20570858449304
Orange,5,6.992302946000805,6.995303949229487,5.909671328527014,3.951327061954519,8.901461536449897,1.997373475454499,4.001399692081499,12.546888055300853,2.4776607316605763,100.0,True,120.72115909144937
Orange,2,2.2013055329391253,1.2710483291475208,1.0,9.31692052208445,0.9683102837793092,5.0,4.5481517577446695,30.0,3.92156562906169,57.27493250732888,False,75.09993636723237
Tabby,6,1.0331639648054,1.0,1.0,6.508164867484013,1.2742588193487898,3.481735861108777,5.676867452471859,26.799968088990276,2.6369587787715423,62.66585174869318,False,89.10002196539016
Tabby,6,3.597282186473236,3.5365984737052933,3.75554291327537,5.520551172700435,5.149890804583701,3.3076958679007777,4.362307580449169,21.63172277358612,4.079357531333534,87.67994755485316,False,103.86488008283824
Orange,13,5.503893959644389,4.424750440353022,4.825631494216994,2.7130683969720404,7.406607024433969,1.8067869841209196,5.448870584397415,24.683140793241662,1.1181383908354785,85.95121673691887,False,89.17282719400202
Orange,7,3.2597489759237286,2.836147344654927,3.683823642348099,5.7029900120231165,2.823627883705252,3.3484648013692366,5.624991236345155,24.868020469541925,2.7014712913540757,70.23527149205547,False,81.02188325140659
Calico,6,7.420752091495076,7.441017563759778,6.69013035378093,2.862486696792967,8.971333051097409,2.0855003541486488,2.5,24.009942943906317,0.5,100.0,False,108.48511170775356
Orange,6,3.579038250588337,4.405906831296433,4.234463150138371,6.454889240100087,5.049716022354874,3.868766919412777,3.8170335229036354,28.246026479114384,1.581976508230216,100.0,False,76.03426959247875
Orange,12,6.028913753871496,6.809015756803387,6.211079359988456,2.0372371195656225,4.456396112337024,1.996271885164297,6.01159860725434,15.035870940257446,0.7544464291185832,100.0,False,104.40581448022463
Tabby,5,1.625167844866758,2.245862033411456,2.739194912287292,7.458668142937306,2.956200370545686,4.265421243941519,4.530147469099159,26.232755126186568,5.0,72.64876289974826,False,101.33634521467664
Orange,6,4.6515474002364,6.232230536467519,5.132631208726082,6.887820094777762,6.257037641029116,3.748600584276331,4.549764113285992,19.85689548136128,0.7744542411160933,100.0,False,97.47770072616277
Calico,8,4.010775916054515,4.432403922780159,7.018036456946401,3.2539911087128743,4.448915601580914,2.0460488028350943,3.451974442366423,12.47791665864887,1.6337361860581794,100.0,True,132.5902717675052
Orange,4,1.8539204553869315,1.587617831352835,2.660188023717207,6.450310767581572,0.0,3.476230578906663,5.401709545006039,24.99483169705231,5.0,51.09053896952033,False,60.17775667444786
Orange,6,2.4205583412646905,1.6445246002508505,1.0,9.301342881125564,4.278961475430114,5.0,5.134745008545016,29.007214475263552,4.979083544235219,51.46101985095105,False,73.9652474797705
Tabby,4,1.2268305187564637,1.01640561270866,1.0,9.081154526099953,1.379312137883503,5.0,3.7731826307750698,29.48173849444409,3.9667199781064273,57.81972270420743,False,90.82290713094798
Orange,12,6.406193693111916,5.4362189025470435,5.863095938170676,5.185722269957999,4.7756160736754705,3.214592444213132,5.0796836964560645,12.102958308138817,1.853954173461494,78.6900995548466,False,82.77764235686368
Calico,8,6.272704747332274,6.423123549176858,5.449977542371539,4.650598823678848,4.411075684940217,2.492238062884076,5.860325012758651,18.99471490860173,2.1690456411099306,100.0,False,110.83888290061178
Tabby,13,4.99494089654598,6.3763723973514335,6.462791779475341,3.576579224074056,5.958258356506644,1.8260879935120649,454.5775208580155,8.727760665542931,1.643688608189527,100.0,True,119.7069063321286
Tabby,14,3.618990628541039,4.211741453771625,5.678273410433644,4.201602376998821,3.0891600440813582,3.0380828128243897,6.5769174182893835,15.0147825446221,1.5259697099272336,80.4612756640813,False,110.27690233072444
Orange,7,2.1096290776515683,2.2213245794969785,1.0,9.517433900824612,0.7986156664077595,5.0,7.514885917116523,25.20241663389909,4.379307352375485,71.41988745071976,False,66.15749087996018
Orange,6,4.030977518021519,5.327449070288448,6.238427468033128,3.1234668251308104,3.206385934298176,2.3492301682384538,4.995879656225535,23.729329027691517,2.88084107070207,94.4982639487674,False,87.15002040279599
Orange,1,4.0614824480974825,2.760821586058637,1.0,8.866015559257562,6.029999785826398,4.650079160771803,271.0386786963796,,,,False,81.41747080041675
Orange,11,4.180135904667085,3.3786318247631058,2.5310129928033858,8.883769825877552,5.343928755559444,4.478291310284678,6.544074543560301,20.346489267969524,4.18504088244339,94.44079520937969,False,101.32727710526504
Orange,14,3.748302977858856,3.328018384776458,2.812549348127993,7.420210702191721,5.6275955652371685,4.593057985839262,5.150058141817437,30.0,2.989634288549003,100.0,False,84.27306222495109
Tuxedo,12,6.137406175510241,6.273664711510293,6.8448989046859685,3.1898021512673593,4.489553247359149,2.5349488969106924,2.9656922150708342,21.010071176261647,0.8871744698895865,100.0,False,105.52076245514957
Orange,5,5.891295200872876,6.10520681233713,5.730725657855936,5.4744896122832,5.328877762359529,3.054476240390437,4.508117563899261,18.989324228913027,3.366263267092575,98.0933791515286,False,111.93249262219273
Tuxedo,1,1.1109070769108589,1.0,1.9858184390671936,8.25507087802414,0.2110220638049171,4.867802451208015,5.371898906862775,25.409266142716476,5.0,66.54618908379751,False,92.05180604117209
Tuxedo,8,3.843657685943283,3.592135151435527,3.121064205327294,7.84152238137712,2.9272381296543695,4.41757946277133,6.799785343621698,29.754609900878847,4.1827889468091,73.91433528415229,False,76.2646235401632
Tabby,13,1.890454016745847,1.751130791924849,1.0,9.397466578150572,1.4769551747699667,5.0,6.397913006592241,20.892430453172103,4.009528555886696,59.32557607524811,False,89.91095538806545
Calico,8,7.193440164628026,8.197776472668917,9.569522719301355,1.0962075980346715,7.088225977770261,0.9690677745739849,3.727824351303419,14.76882723509165,0.736249838239869,100.0,True,130.66308372079115
Orange,10,4.075453312604348,2.4099063679820816,2.6905886131125425,6.17047810534946,2.639054137694828,3.5422984972682636,4.582919175316884,30.0,2.744414100812,67.79802645680027,False,74.97062007440624
Tuxedo,7,4.782125909776548,5.337564228414156,5.502167243047489,5.106835392689696,3.509908334597586,2.8536204233948865,5.688985653681791,23.09589604599194,3.288473645273214,93.6433861839737,False,108.92062270359516
Tabby,9,2.3017371004083484,2.140969428983406,3.119220942516842,7.554910616617916,2.048987950544603,4.467359348724364,4.126766178423379,21.19310405064681,5.0,74.0585278270321,False,86.32438489463429
Calico,3,2.230003894452237,2.463581329580091,3.547280055558179,5.691045567570909,1.289287082734115,3.5519728426977863,3.5310611794243387,24.88166883484101,4.752717886617859,70.06912188295192,False,81.16850707744297
Orange,11,6.858668762805553,7.350489599233385,8.186041002403408,1.0,6.007722661499788,0.852827481567393,5.210515373957667,9.848609361651546,0.5,100.0,True,120.6340043324232
Calico,5,1.3608680929285764,2.4446923478496543,1.790744227048455,7.97510737905944,1.8135952083883269,4.242022970793482,3.377426334277275,22.817810811289625,3.992569037518461,80.49447522230432,False,83.06278817224245
Tuxedo,1,3.863299146864917,4.625923501053159,6.334279607023846,3.771023627757808,3.3571221162281275,1.981876798219528,5.601538120271352,18.07073865999485,2.413872827650072,100.0,True,137.83780110802314
Orange,8,3.1280759992722373,3.183519325482715,3.798178442841557,5.893012529831729,2.4079036390424453,3.3547144903620896,4.143396862696798,23.971545546210127,3.358563437616392,77.74905706608222,False,85.85721311804936
Orange,2,6.946785315317721,7.551152079054463,7.162426731075601,3.6078156537115738,7.210935044078395,1.9308677018004636,3.672877280394573,5.691232208885525,0.64408406821215,100.0,True,119.92917794523682
Orange,14,6.956337867177361,8.637832563147908,8.027405671344777,2.2066725851270186,8.57149917544974,1.229999046695817,6.2101708364212245,11.703279828651684,0.5,100.0,True,119.90140365841324
Orange,6,5.101866915251007,4.454300308945632,4.5146508624567705,8.618446529328095,4.07598865343417,4.43018521529164,3.1755389249714066,28.32134248515816,2.3835558533489483,100.0,False,105.66798512954207
Calico,13,6.988493673201754,6.859537866062643,6.32590278014168,2.798166803913695,7.550277031052012,1.9373664879952344,4.153042687331052,16.67149425558232,2.399723527760385,100.0,False,113.74834661951242
Orange,5,3.694395376563741,2.3791488479720027,2.3251761738929493,7.846406937623048,4.609368481441765,4.132902175747948,3.676259053798727,17.68686522403902,4.795198622009034,79.63243120976867,False,64.45749806675958
Orange,9,5.55469193212245,6.456764138466849,5.8419834655841845,2.9073233505738294,3.6393610983758458,1.7640928598960524,6.052868906225023,20.934390090777946,0.7472553280771028,100.0,False,111.16174394670914
Tuxedo,6,2.5385372518389326,1.8546005677027195,1.0,7.470941173660422,0.780984064355998,4.090984756958822,4.689716092321881,30.0,3.8687112455273303,71.10761949777688,False,81.76002950973289
Calico,1,4.035058747674043,1.8569441069861117,1.0,10.0,3.1500397642953204,5.0,4.20175298613132,28.002191212132104,4.348673009566823,75.75998958504898,False,95.7326775590996
Calico,12,3.32120605914361,3.52768267895586,2.3173248552984114,7.29384180404785,5.137029960712291,4.4118514708141365,6.586024586527232,18.566205597036863,3.627371696961782,91.64174794724391,True,123.09011383050934
Orange,3,4.745061577666708,4.670645552108408,4.815213993688995,5.136974417192596,3.254644207264856,2.8100322678020833,3.008473547158548,24.12452375861513,1.0050361463974462,100.0,False,96.25160955953623
Calico,13,3.9539509860430577,3.8269352382784385,3.0161056265470636,8.391480230136562,5.386914107818767,4.929929750176793,4.618506122244021,27.99632936039036,1.9721071452772811,87.65454615996607,False,108.35953539245897
Orange,9,4.461176577220144,5.529555978868331,5.953013659976333,4.432757867578069,4.399191901094625,3.1145212591666516,4.300941681151485,24.880365407421618,1.4427475241870509,100.0,False,112.08785207166072
Calico,10,7.464352625033108,5.810872796103769,4.26504690257574,5.171613984947136,7.731122509919936,3.0307208130000993,4.9583856318193735,19.55692742468701,3.0755462443510004,100.0,False,105.85052640628294
Orange,6,9.192603944902714,10.0,8.848911109900484,1.0,9.003661583934312,1.0917489699349172,3.962593439010992,10.830497334105088,2.9387761922985387,100.0,True,115.47439213722274
Tabby,10,4.256190801058922,4.249294248249161,4.797024460652561,5.925094105494181,2.8798929749359505,3.413419670095121,5.1476431979083515,16.992190473793777,2.50230801078135,69.04558811082586,False,89.17095810058828
Orange,4,2.5843909571401715,1.0613235838678747,1.0,9.645466090021385,3.906296936804815,4.9271683055506195,3.8084422011739063,21.799281206888367,5.0,68.53256825547776,False,85.80239860754374
Orange,9,3.586131120665139,2.696122840775253,2.2584525022493227,7.216462411871195,5.299854586807495,3.687152474493507,5.671008492793118,30.0,5.0,78.23284548813481,False,67.42163362738178
Calico,8,6.642642877245586,7.437405017361754,7.180927843838806,2.390046332688577,8.15631504872555,1.4575130697859255,4.949600253052529,14.46989029728154,3.0803273048555972,100.0,True,128.3454441166662
Orange,4,7.301223965680254,8.269280553134267,7.138651939207336,1.9683231269926496,6.993469010525706,1.7899164979458493,603.2536137605681,22.007945694085592,0.5877875754872344,100.0,True,116.91624320417932
Tuxedo,11,2.1046057011352537,2.545943931624336,1.3688928767216526,8.184009765609666,3.5459181278860132,4.583690444735362,4.109582708877043,30.0,3.879597792824512,75.82974074056267,False,85.33670777570286
Calico,6,4.5511479611526,5.680757231747307,6.2351487253690365,1.3715855267336776,3.456115226129007,0.7430970213680588,3.961621755265848,16.796412927081526,4.1189186508798805,100.0,False,112.7643541926804
Orange,2,4.791116170085877,6.117463604494333,8.114344322984824,1.2428992747856502,4.806538677661365,0.6649984389004288,3.5896076514912716,16.04946103763761,2.160323468519559,100.0,False,110.46079577878676
Orange,1,2.735994610576857,4.181841751332087,3.769324542338242,6.383529895294347,2.1404821627568533,3.527997931419472,5.265504803826309,27.630336728952948,1.3833363124807718,76.68786822145034,False,69.15885981009475
Tabby,9,7.177034877394723,7.139151993785599,7.014695109751131,2.669674562268095,7.927159976205464,2.080223205875065,5.453523966491131,18.10296664313638,1.6348910714092582,100.0,True,123.43090352527648
Calico,6,5.0595973194910115,5.031762594714375,5.265148780373948,5.826258091020953,4.7316731012300846,3.693383633632696,5.515463151699707,27.626188179828276,2.58216562959969,86.95670248625666,False,103.27514954684102
Calico,3,3.9060723038679654,3.823893700061524,3.591605251991364,6.864720278748816,3.7445608299039974,4.4261336120549295,5.390140122556526,23.965619538943542,4.186522426508459,87.84767976203804,False,107.65927387511674
Orange,1,4.827754225608896,3.787630519292251,3.388687155911584,6.890090765188363,4.942598579482919,3.572728762294857,4.051034219436995,21.202270340339737,3.0646262683587455,95.74521812573596,False,103.14126327827238
Orange,2,3.1187870574112004,3.571533540173311,3.791934489645602,6.465000056598394,1.413056977904848,3.715031937441859,4.086846583831371,20.31236941783834,3.329202350740489,77.88711935857364,False,85.23895153222506
Calico,1,4.15971140927371,1.8558383649568388,2.38850193558293,8.475312195796109,4.626869998723084,4.418825406404875,2.5925200373590727,,,,False,110.67330411201335
Calico,10,8.28582022495745,7.598686447789504,8.013324506704137,1.0,9.67473370879319,1.2750371517400632,4.034845381984535,9.882330693023992,2.630469359772027,100.0,True,116.5142317258888
Tuxedo,3,5.86472334507681,5.598254003333556,5.978103181028923,3.003032308430271,4.664769801621759,2.076558635695439,3.7000830308875496,26.5572295204748,4.619869356609378,97.50621092196418,False,99.72125066934392
Orange,11,5.3387201351199955,5.994341573022106,5.170239447410609,4.685075655695813,6.2719971011782985,2.941154717989363,4.2186889951519335,23.973629343495656,2.522275655680258,93.0191152619142,False,84.32316623384794
Orange,2,6.2303948901298245,6.252869658030703,6.594898174585082,4.167225156464361,7.948227486523208,2.5516555885717462,4.463135901762918,24.347969055790877,2.2062173618689953,100.0,False,82.38324303405024
Tabby,11,2.024463008890678,1.8446081697141237,2.293404582051064,7.500794691793446,3.791360829537031,3.987995465821222,6.273679278480815,29.135069882465466,2.4165914716438333,85.75632356416749,False,91.829138229214
Orange,12,4.8693265276224125,4.926484365699663,6.533905430764674,3.5350755508073273,3.235365186311186,2.5262956654478743,3.102331027469473,19.377843005700957,2.2190943953420397,100.0,False,96.90037693952272
Calico,1,4.331809650080772,4.37455561689897,2.755629485013192,7.806271615704754,6.300532995578962,4.405940125104217,4.38857770155522,21.03290576069648,0.5,76.76960931360125,True,116.51154528644832
Orange,3,4.123160230680616,5.189644429088915,5.47524513505469,3.8054773971720586,3.6111863739362766,2.1190967266702594,3.1343879893804285,22.661970499051264,2.1711785109539115,100.0,False,100.77504723052442
Calico,13,6.573725168743361,6.111168428078855,7.923397207265068,2.3374435622732737,8.3482066605783,1.8241117895661916,5.156391680533613,17.917723991281655,1.4851788813264166,100.0,True,125.82070034568598
Tuxedo,2,3.403008111870395,5.429391796030725,4.740372203394829,6.3986950792111115,2.0293970023015224,3.5923204301620895,340.6857311112736,23.460732109977037,2.0385756118963303,100.0,False,107.28516634366554
Orange,3,4.667425789486274,5.884366291785247,4.757774673672554,4.77290920875735,3.626512311442617,3.2702253728102058,4.15308143345913,21.726074962014433,2.0467019975763647,100.0,False,92.9397371164086
Orange,4,5.42537719420905,4.489908672896942,4.889341825517928,5.547388540167,4.580429364207034,3.290790870923124,4.894958278363317,15.43975662948112,2.5750029816053748,92.37214669934478,False,86.4422127896523
Orange,10,6.701683875341804,7.3285406875515475,8.573196305978348,1.0,5.793690328381882,0.6955720186077736,5.212871795149991,,,,True,117.29944956860716
Orange,3,3.469623479681669,3.881931644406994,3.195402602165488,7.845440567524317,3.863722949259616,3.938756487443914,4.128368081806336,16.59148667564,3.488768787832105,96.5870741266415,False,98.66339325336703
Orange,14,4.527560782589548,5.309451223424373,5.307522293669548,3.587448619925442,5.2067845666231785,2.5351199587953115,5.692445318100508,18.28327736169065,3.4831720850627796,88.63730656929056,False,90.38475634800255
Orange,5,3.778671772174757,3.5819240653179305,3.9390684563227736,5.023943802219971,5.338316284480003,3.255047135416408,3.8834034859269537,16.031801476555536,4.429131036181338,86.27880315564157,False,75.25374219363025
Orange,5,1.4617790343151071,1.9771607877923496,2.205256432297653,8.836675294830359,0.0,4.430444583498162,2.52864485119882,22.79620595810222,2.329124759908659,73.22303799893184,False,70.36884877631634
Orange,2,3.9604019612977854,4.617455548598317,2.0389824664479654,7.410271942945226,5.568310774186504,4.233633292104922,4.2126522766979235,25.064477548235676,3.148530752719085,100.0,False,111.96328640745357
Orange,6,1.6421670266826285,1.0,1.0,7.252009619975535,2.4237390190436656,4.413128320890168,4.2660754258346865,24.40756745611577,4.650931155173967,60.95781002405477,False,71.80694650096525
Calico,8,2.1581580800056095,1.0,1.0,8.379681767157894,0.4647040660623442,4.205681018661389,3.045350548157883,30.0,4.347151682919608,60.55960176271566,False,67.98391500668171
Calico,11,3.274477959472481,3.0041942571913127,3.2588467630382967,6.260080503926309,1.9742363013897937,3.9899969900905057,3.9452587673223145,28.954958456554756,3.5445339570044188,64.06194801079127,False,102.1869417605356
Tuxedo,1,8.170374465674918,7.760989510764945,8.644393317348703,2.735645458820909,7.715753535820571,2.0564866528143875,5.165513023447755,13.615158522693758,0.5,100.0,True,129.01969504401964
Orange,7,4.764207593177977,5.571713811249673,5.973553411304519,5.995363779825388,4.557494887542489,3.614872879070389,4.840789744121655,25.47211626549242,1.7981356945304603,94.95915942363268,False,83.05401046883765
Orange,10,6.789878020192318,7.093227895454284,7.416537720558136,2.006711720340819,8.448375107204996,1.5331988437520288,4.160315829313315,20.410743892497074,0.7175938400552159,100.0,False,96.83550451249316
Tabby,6,6.344750702809443,6.118500201901512,5.6541171477298,3.982895390936133,7.692103656059949,2.092503966435221,4.246842405429214,20.532022466153084,2.438713517830323,100.0,True,129.5923040499764
Orange,9,3.5632264013386026,1.698880119351134,1.1384601659250924,7.2179035453693725,4.145748188141031,4.588981261026536,4.0389640092262775,29.879940723877173,5.0,62.55700740477728,False,57.19415214889581
Orange,9,7.90217982971042,8.943809670595996,9.07738848260099,1.0,8.006954766969642,0.8302347748979563,5.453854519319972,11.061756133906645,0.5,100.0,False,101.2537502943953
Orange,1,5.541814557596571,5.768213159561585,6.160874445083217,4.0818227307227435,5.416140457456153,2.0541527966884785,4.131065084900127,20.129114604125643,2.70378228823043,91.93918049502308,False,102.1160970297822
Orange,10,7.205258441253786,7.6255610473641315,7.016569115552147,3.0919683566159857,5.428433290361828,1.5994867838965603,4.5698461743937715,15.129722675431385,0.5,100.0,False,104.47718841566584
Calico,5,5.788669786642705,5.734165314667163,5.602551176152175,4.845411965045526,7.108257755571005,2.893233176968817,5.962727598915766,16.940182559251195,1.1329080730901453,100.0,False,90.04071838308505
Calico,6,1.506212526286594,1.0,4.332738619743676,5.509184275295074,1.0252759695776097,2.7967110023978554,5.693795376431217,16.251174514141567,5.0,65.47658432429257,False,103.17524361755052
Orange,1,0.5588749077114397,3.068817932722116,3.396952931929278,7.395275743594354,0.0632339718855679,4.055706365004604,3.424689865059399,17.284440849584566,4.012062475047869,81.15069940947603,False,83.22638206574786
Calico,5,4.780418966112715,5.6645311507664635,6.289074541811709,2.9727670782774456,6.34821395472629,2.2038707178858887,4.959787053419406,17.401339806306392,2.590584129880908,95.4393702160462,True,127.09835264269152
Orange,13,3.1854154279449034,4.751777017919377,4.680685648519033,6.185915242541466,4.125607224130407,3.729562445104383,5.656866164743664,30.0,3.0270130180914583,85.05275259205646,False,79.5557426868484
Orange,9,5.2292614810857225,6.079045784431952,8.236510636999778,1.0,6.0798873571266805,1.210052376707262,5.173274588147581,11.41233180119264,3.0545739531707574,100.0,True,122.91788132161494
Orange,10,8.553986606970636,8.42997335103624,8.98331248700553,2.4051609944390124,8.801908739342544,1.9833058736133415,2.5140533081789225,13.661730032114974,2.0768434859808456,100.0,True,121.00620628440277
Orange,9,5.49804646213004,7.583196354368075,7.046175320980407,3.2970481940850087,4.443319675477159,2.2260496097448312,6.1220809791738215,12.30840506644928,3.133375227757509,100.0,False,101.53924491727189
Orange,4,7.948025477725205,8.646408655230177,8.861979762069467,1.5912115443575825,8.376298293936422,1.613472036058949,4.94358807920028,6.78931361659175,1.8633215759605453,100.0,False,101.3932808602917
Orange,6,7.8433267561226225,9.094584859884254,10.0,1.0,7.648876024138468,1.4773123060105735,4.838318029559924,10.878276510027876,1.2989192645689036,100.0,False,107.77612804510576
Orange,5,7.869475233698033,7.50854087565187,8.074382207897509,1.0,6.705053613911458,1.150497472569953,4.317932363577212,14.457379378745769,0.5,100.0,False,112.88788754330272
Orange,11,5.250006225111068,4.7517398083566125,3.3140472684409863,6.132537684545814,5.906831212141903,3.4304175442641704,3.9411194084080705,19.26794260469795,2.144982948035093,100.0,False,110.92634943285998
Orange,5,8.480529121573632,7.803132021506423,6.914160970223641,3.0157696987846956,8.824437516826872,1.7656544020097542,4.464636726610332,7.643449694897463,0.5,100.0,False,101.29283813052052
Calico,11,5.14332844793872,4.890036062364097,4.53174246969413,4.090724422736678,3.5015986095226244,2.1693376489636695,4.455043024706552,17.21235423624142,1.0307186021105308,97.6095089910711,False,104.07833693596169
Tabby,3,7.50243373493587,6.542631556544022,5.722795975278769,4.246439250324772,5.563951978487673,2.3237647925676277,4.359593596243676,19.570274388743545,1.7536685643204928,100.0,False,97.48566896631232
Tabby,2,5.124416958172957,3.313777519303094,3.134102068426053,4.186388197622723,3.682462052425378,2.5052750847257617,2.8063724074616805,28.11577982823641,4.591489860070523,78.39601020546581,False,81.31622825374427
Tabby,1,5.4394739795899305,4.132370526766912,2.3538874709753905,7.2096944277389,6.096777929975778,3.972390885369645,3.52006957593718,27.52720609524576,4.992314749901104,96.72444002396998,False,99.4978044837638
Calico,12,1.5750107699046825,1.0,1.0,8.94049161865355,2.6123042290806096,5.0,5.000717111274013,,,,False,66.24447955213962
Orange,4,7.039549226349914,7.779126579507818,7.30758233351169,1.100420731570283,6.144688130273685,0.9665200900376074,4.1531356546786435,11.762430284061876,0.9784066050091648,100.0,False,108.0625733567467
Orange,2,6.139338280212526,7.3782156294150285,7.346414807237519,4.412137716356498,7.046556450640553,3.0784306052292383,3.994904087836733,17.727899152396017,3.2160353045965833,100.0,False,107.73421249475965
Tuxedo,1,7.9046087199563,7.906576403460706,7.284631229624495,1.9449152136042365,8.996655419298683,1.9342779357490016,4.206915845576247,22.91218197666678,0.5,100.0,True,118.53042293085912
Orange,13,5.414595758580418,6.432169393298455,7.275742399325784,2.9040561697988387,5.607907063169829,2.091909635564217,5.942320412911987,19.50322018956438,1.3832191374734617,100.0,False,111.87339344350796
Orange,12,3.424093375620867,3.254330126128224,1.0203929409666497,7.533633290087493,2.7173666353717674,4.747090720019817,3.977642724742618,23.87793302403646,2.936771337154312,77.16387606499322,False,78.2973080953535
Orange,8,2.3703034178668565,1.8729846595079531,2.0123787644751694,8.577254498462835,1.1670731557241565,5.0,6.236395092058405,27.643906986033898,5.0,75.5045270345801,False,78.49051197867176
Orange,8,5.543389497575325,5.145405443649507,4.96111970138654,4.162715282410116,4.8463773626393145,2.6125422664385605,4.952166770992731,16.654674355588224,4.810312163577322,100.0,False,88.14541556731697
Calico,5,6.816766666080382,8.55997958964536,7.392164151350174,2.1905452307507995,6.585898756279779,1.3688237153759155,4.160727252739503,14.761073189622095,0.5,100.0,True,134.24574003871265
Orange,10,2.6944666627207585,1.082193024032836,1.2554468437363036,9.5657037070076,1.9181425426839136,5.0,4.668530878169878,24.80909085822668,4.250118124069173,55.60336776939251,False,59.76089267248284
Orange,4,7.626800643849418,8.013891035372525,10.0,1.0,6.028078677226544,1.1483922527898889,3.798448891478785,9.070588195507437,0.8906708109770468,100.0,True,119.12427318745188
Orange,1,7.320775002132299,6.155012566626715,7.645103986052336,3.140389906870361,5.653287081029934,2.377347078077711,2.9655968322108524,,,,False,105.94242990710242
Orange,3,5.299905393432764,4.607238784592279,5.443871248836929,5.287687507275102,4.470401083662745,3.4010283232748355,5.7029068160680865,11.607005146394158,0.5,100.0,False,104.14276490358397
Orange,7,-0.1094828767128213,1.0,1.0,6.540468688373529,1.8503758560243129,4.231911822806456,4.428286698659813,30.0,3.262705226462179,62.442334333177406,False,57.74788403921976
Calico,7,4.778799592558061,5.041085677175531,6.462223546274982,2.799177035185321,2.7936488304394618,1.4225092618305415,3.7094917559652902,15.21065791902954,1.9994319560378528,100.0,False,107.3633522243924
Orange,3,4.455562655974085,5.779513847624549,5.56607601040538,5.417664184223352,4.065592146439255,3.0581348336551604,4.339210641947075,18.085216249874627,3.403566617789851,100.0,False,100.13593277619997
Tabby,10,3.2427208339654214,2.8906405032946907,2.5896999356623236,5.4044601469853575,1.4651257790021126,2.9596521846784234,4.665007086892261,22.3642716790248,5.0,74.37660047345939,False,82.01761525563359
Orange,2,5.140735814557293,3.121091242914779,3.165535578911028,4.532810205279652,5.599776884282295,2.978463527163573,5.303895643508453,22.951168463566745,4.530010377266133,85.80349671409392,False,91.74457236812113
Orange,6,6.49486256223822,7.639780350916856,8.889776442136565,1.458832121612054,5.24343299227592,1.2515467200113013,4.439167985076432,18.264766811631375,2.522449768513617,100.0,False,92.68893649549018
Tuxedo,5,9.014633554342328,9.639266907189706,9.695710571182326,1.0,9.087605116565747,0.7440947105589623,5.024769264743338,12.230482110639803,0.5,100.0,False,100.42514754115552
Orange,12,6.932300341245937,5.31797813014051,4.197073466897995,6.100134496042061,4.976565441388832,3.601360675131427,4.857193141212989,13.088442217873595,3.39806624634771,100.0,True,123.13709932633256
Orange,3,7.437756779582403,7.688760915287469,6.347414561143434,4.176961197810527,6.5677906606658585,2.756779233641214,3.008053394599405,11.569753908930709,0.7525251490299332,100.0,False,109.86422225871873
Orange,11,1.54710288166556,1.0,1.0,10.0,3.2587521611747494,5.0,4.182029422114858,30.0,4.699924667074643,54.25958709017475,False,75.67084772970158
Calico,6,4.579210701659331,5.4376273341928005,4.20920369455011,4.114101353552292,4.254266704752183,2.120243388578805,6.409140213703676,22.968916009136368,1.4053670798795932,100.0,True,125.57267351076258
Orange,3,3.7702879732129206,4.575572230732629,3.9059068973898494,6.8387613069636,5.309313153480743,4.250817290536252,4.673689843968486,18.64019393521277,2.4635412944186132,100.0,False,98.39893837201754
Orange,7,3.851158072953771,4.187831804857647,5.307118263884837,5.904744612436721,4.305089285997021,3.930994849333924,4.438021056941504,12.164961215737629,2.8249913254315353,94.89904034970806,False,112.9712138018128
Orange,2,5.839348179850218,5.403481366972988,6.9740944110202205,3.0684134293355134,7.538860392466763,2.260348407315883,4.415209410420767,12.575044790251384,1.592708363321575,92.2106392747126,False,113.30784134211326
Orange,8,4.493638184615605,5.230472084172229,6.230135285867069,4.5015664848336066,5.091523968299653,3.2410012299685547,4.730751390294017,17.894583272759295,4.335822447448628,99.21962811248954,False,102.95195654312694
Orange,13,0.4439676918407622,1.0,1.0,9.014999689714214,1.8259163775067877,5.0,5.0815904006666575,30.0,5.0,54.013166476049605,False,71.66467080570449
Orange,11,4.222346200678335,2.964567215471015,1.0,9.792689002073365,5.5322472806788525,4.906039991858886,3.9128762034664217,30.0,2.7831847168385595,84.63076321387939,False,88.81987927746985
Calico,1,5.199324303889921,3.520350647906518,2.8203978498543134,6.11505869768793,4.527175596969203,3.933020617964958,4.625490175135588,25.559491718290463,2.63874263598053,91.04927793293676,False,94.07556604035896
Calico,3,3.2690552556506947,4.494728982502428,6.178687676033361,4.970848532983608,5.027454490398201,2.8275499812004323,3.0704088096476942,16.40516643788102,1.2229517260796938,91.49746765350694,False,93.3011355007363
Tuxedo,4,6.095481548430881,6.028116195186579,5.253668602615237,4.807995897871801,4.725618436791935,2.4850118459917927,3.687469259575073,21.189464624489545,3.123473122098813,100.0,False,98.26109410834744
Tabby,8,5.604319343886855,6.441216489342246,5.537382638586704,3.79658656324567,5.709629405316846,2.176009362853242,4.944096840676595,27.54848458205256,2.472503066860779,100.0,False,98.6426335816766
Orange,13,6.03218743079743,4.998814563618433,3.929419666088463,4.348374181636825,5.608521009154133,3.064266744762153,3.000084958443671,24.43319895947736,1.4223305810108535,84.17682943013634,False,88.31980536834088
Orange,13,5.305900122697582,5.458913950422216,4.920938792532959,5.272830712734668,5.289178511714097,2.697973622047787,6.384025091976646,28.850663910046883,3.597422806328023,96.01151564018072,False,75.92963289561382
Orange,1,4.933480354035335,5.271853955662725,5.943936717024426,3.0234792347954587,3.5574109411899197,1.6308521548627746,2.9756765271915655,6.549434752712619,4.241269025932423,100.0,False,97.65771592970924
Calico,6,4.101756276378199,5.422000912381357,5.415676232232145,5.259326072183156,5.737495001593323,2.9771367595518745,3.9845876153980897,25.744530935710564,2.81773670417364,95.6219441332226,False,111.44444839521886
Tabby,9,4.930534602747085,3.388567095735378,5.631451308422884,5.3279876570617875,6.3701636351392175,3.5618025553766315,3.1085736382943354,18.02787832503465,3.3678225147063827,85.3891767319138,False,102.3218069860693
Calico,8,3.019411858544221,2.5406747926244933,2.62003340096405,6.351217160163636,1.533836030488014,3.938392227909358,4.740272635546211,25.49797947660545,2.425390911615418,66.41124480361485,False,84.40843129485327
Tabby,1,5.900258615892214,5.319013275940198,5.730044267642903,2.837234562402315,7.457729554694801,1.975126058750637,3.855212095886614,23.878663307807287,3.329204383315433,94.6581094288442,True,123.5469931990154
Orange,2,1.6413228791303482,2.7333257052347104,1.1427400769064175,8.555781219560485,2.995167918427036,4.906831205401701,4.61254994445821,20.510549629763872,4.855117906954938,67.59770088668395,False,85.9651749157578
Calico,4,8.167099906680921,8.219805794076148,7.44944053425433,2.241930062060145,6.34894609643713,2.0000930208411756,5.654740044987895,6.572037161346996,1.1846627248063193,100.0,True,133.94353674867926
Calico,2,5.517966656154971,3.7873713981268096,3.545460431371103,7.675444077123871,5.402590202469002,4.779275616760902,4.136837573191163,23.520063893938268,3.330851640672283,90.27095979686148,False,84.75857249759518
Tabby,3,4.6862148238704435,5.839741309807763,5.400784164863427,3.9945792961198032,3.3354633596520524,2.2836200617261637,4.378898866937946,25.701170498579053,0.5,100.0,True,121.7082762649121
Orange,1,2.9197095330740295,3.587213704233366,3.639498533424046,6.686626903757853,4.030755466946234,3.938435995532224,4.277909321626534,22.02135834226198,1.215062819516108,90.620937701362,False,98.73344523570148
Orange,3,5.486196208733118,6.300475400051267,5.71572516605949,3.9203652454465416,4.327279083920044,2.2228462071374206,4.815256407841112,25.31640647531422,2.2039623775564414,100.0,False,102.97828953163918
Tuxedo,2,4.80285343575381,4.500561515496133,5.8232869539727075,3.4970998119212764,5.426137895924958,2.117897039023096,3.7704677491113334,15.374546033151807,2.607064286825115,90.00877308837204,True,118.23238501826
Orange,13,7.58559782755751,6.273976971435169,6.407723820623481,2.6285074223456837,7.262605616522323,2.2387580604155155,504.6158247193745,17.248821609332413,2.3453062544488184,100.0,False,99.87384378335337
Orange,3,5.0259964391108305,4.837384751633576,5.212607963586248,4.123600392410656,6.65619806742081,2.821824874379896,4.829654959342674,5.683402419089068,2.580989785023465,100.0,False,106.4024359024144
Orange,3,6.981400992230444,6.298962019086423,8.000225525108782,1.677075804169549,6.451642120246444,1.744136993415263,3.947318143668381,13.670370032087172,2.6828954475754827,100.0,False,110.87070247219104
Orange,8,4.745374832529952,4.016487632415652,4.166353596776566,6.348865738629589,6.1148426842995915,3.29893346286161,6.751108243437986,22.51747647316063,2.3955708131908584,81.69673280632196,False,113.9702173145822
Tabby,6,6.042612741640441,6.7764637234000125,7.140454821461316,3.079092846070636,6.391159237203702,2.3174082612280844,5.441022769804212,22.936142720264044,1.2608292703931474,100.0,True,120.51694246541368
Calico,5,6.620264523142252,6.853207363507493,6.323413877512353,2.968059376593918,7.461308914816391,2.466296232455185,5.754430127319392,24.18165194646707,0.5,100.0,True,128.55017580845953
Orange,7,4.249662289319179,5.5540011598813575,6.572034996736885,4.461161990992957,3.9781701926544746,2.967934459465907,4.704716087352524,20.28196494574072,1.110855037099471,100.0,True,118.54142502048164
Orange,13,8.535867848042114,7.444865787368869,7.714771677704833,3.145249145243889,9.652278555602608,1.6822905391734784,5.188492326522752,13.926652236569227,4.475880660469544,100.0,False,78.84067423584257
Orange,11,4.281822243100342,4.020844718624344,2.606963403638132,7.892350768940676,2.767895638322201,4.158839722877239,5.561140287462806,30.0,3.172362767088367,78.58454660555479,False,64.97742897634369
Orange,13,3.2047079369441125,2.8955229697100515,1.7538992003278888,9.007465970874176,3.902492267474376,5.0,4.379213578411151,26.688801129786615,1.57585362971757,81.20137406928345,False,79.70074147817067
Orange,13,4.841700976625875,5.891172227121647,5.590259584118666,4.254045306454648,4.003312881803131,2.8128577299148363,3.0319364940095506,6.864184436374565,2.901074844737677,100.0,True,126.98386868741716
Calico,6,2.483681867243912,1.955445790380854,2.566423859025615,7.69873001804507,2.1327079359388397,4.585832058516174,3.5372973892754653,30.0,4.642164677850052,66.34820580170722,False,91.513366286464
Tabby,14,4.292792555071908,5.310499632093164,5.654881838938817,4.545890146068833,3.379977563996035,3.1374918956357396,4.847917897456512,20.14703317824043,2.0353134666703623,95.13692956065556,False,100.95142610498786
Orange,9,4.747337112874353,4.338819661376051,5.296722160651921,2.840855655190236,5.619856719573959,2.3097338351650167,5.189529978790306,19.681959936727974,5.0,80.02092319994085,False,75.71799850658908
Orange,3,4.879419468780089,4.698349546700895,4.729538763895414,4.4489088491050826,3.761958202810328,3.165212123071119,5.064350317739254,20.538907330861782,4.448091955076971,91.41546575297284,False,89.70053279047943
Orange,9,6.596119038052049,6.142266142741549,5.080479690528534,3.694235668977498,5.323501854228304,2.7195149472005897,5.162208771933236,16.626292731719786,1.821052693594157,92.61965642955978,False,102.19032408561203
Orange,6,5.68001280987356,6.73539227004005,8.701916791397812,1.0,5.3722486303637265,1.102713358648654,5.437906897874624,4.982642895582528,0.7814991701236866,100.0,False,114.55030463096551
Tabby,7,7.187043483120078,3.858333925480963,3.690932174374337,6.051029884563461,8.708396969471735,3.2387371397050955,3.688497468406093,23.025142207772664,5.0,82.48581812758681,False,98.3140003126846
Orange,13,1.5968770811421402,1.0,1.0642074204283325,9.394556838416976,1.1110831366307106,5.0,3.478917150673179,30.0,3.3852226683517124,50.0,False,62.55066684432285
Tuxedo,14,9.08929778105682,8.019390070177847,9.352545920522283,1.2504463027271322,8.211149068249997,1.5454961028117715,6.156405942335764,16.472669675565285,3.0805191200525397,100.0,False,110.49097888892568
Tabby,9,5.290490210672506,4.105095373971402,3.3062052003507043,8.464137337915265,3.3856410144705222,4.4075205026399,4.3854071064954505,,,,False,102.40667786477252
Orange,7,3.8630952053708807,2.9153790725057536,2.599213272129762,6.558116254931314,4.247557061318685,4.277429447347632,3.842878120149668,30.0,3.346591698114884,80.4830023785252,False,80.39302771769982
Orange,7,5.400330714420523,5.80082747918745,4.890861619670992,5.8654352906323926,3.5255581990049265,3.3759183484120534,5.457052717110755,17.688470035288788,1.4954551748674572,100.0,False,109.65991635186116
Orange,12,7.398263882860997,7.624317486628996,7.0347482473182605,3.0214811897808342,7.0802781286008045,1.9179287179167468,5.033938043912677,6.271064734048856,0.7266419564510599,100.0,True,118.8129842740799
Orange,7,3.5668385967683345,3.980952565814942,2.5560026525509203,8.234886424396496,3.160819982238404,4.467621135174313,5.425932068021886,22.44031199348841,3.3041756048109177,100.0,False,99.81174423155726
Orange,12,5.13873820786859,5.992876895095105,5.586686474277362,4.150183067614404,3.5408316686879986,2.9416915981872926,6.283667812626213,16.299687932733235,1.4101124051884293,100.0,False,109.59211724638618
Tuxedo,8,4.588247176066049,2.581249535885935,3.2949203224472514,8.537921927423154,2.8691020099608218,5.0,5.415211065226609,22.299423031119943,5.0,58.95935733041907,False,106.81374296710476
Calico,7,4.632056016679611,2.8270125248295033,2.248061921267648,8.296277630167202,5.480408162436025,4.340752950965477,4.114552930803275,21.51225358652551,4.4417441029004765,68.6011709582892,False,80.00418345381446
Orange,4,7.460605336525837,7.866990461754003,9.624917196185004,1.0,7.643971881390849,0.516424525720218,4.280210966046932,14.488382976252794,1.4653719439993904,100.0,False,109.87469394737118
Orange,8,6.588135923695157,7.591373830249111,8.204953685057006,1.224066270004972,5.2910961493288795,1.2915923262767164,6.581673229090743,22.08674768434807,1.8425863055463432,100.0,False,93.62219734227902
Orange,12,8.460697652552057,7.748803414120828,7.060916934103751,3.4450957694709867,9.668752373296986,2.0586202844276418,5.82804917377941,23.333700563690705,1.8021256651161883,100.0,False,77.4961228280519
Orange,6,4.797659181383126,5.232335238814849,5.3809032693448655,3.230678550997557,3.1416652647902445,2.000743588943351,3.6865970282041967,14.543968620991334,2.45314356855662,100.0,False,110.69785344118786
Orange,4,4.914623317706822,3.5693971864996783,3.165662612364888,7.788761686727746,5.871451058602624,4.352469203065771,4.293905540968622,19.7707155294852,4.3283140804715465,77.45541170292016,False,89.22052759974191
Orange,1,6.162905453684386,5.07122658839835,5.759797413507229,4.833116606811357,7.862575379315334,2.454427480507705,4.777797929965324,13.10745149885816,2.0686111469716058,100.0,False,113.61742124559622
Orange,9,6.724680575337874,7.701030913453473,6.367013349222185,3.1399983731024848,8.45063439721354,1.6101412224441232,5.56978361586828,19.318260077423623,1.6968078001990654,100.0,False,100.23058812241392
Orange,13,3.183425477546593,2.8641541210787564,1.8781003345894136,7.392549821310883,2.108110934100405,4.619772600998249,4.347573491359349,30.0,4.475250153878613,74.34951275156578,False,57.23454796276039
Calico,3,3.779308798720933,6.210981953034455,6.5932217498101915,2.982055274120196,3.062902747775521,2.2885195231220834,4.189763096945726,14.180994119929087,1.9532910011900189,100.0,True,115.16482331576856
Calico,5,9.131903721736052,8.66593404642364,7.558821212422844,1.0129812823081736,10.0,0.8898769090905638,5.362062270748332,19.228694286201048,1.1813909006805503,100.0,False,112.4191101668666
Orange,5,4.942249989182493,3.9790636334809113,3.6097847387534903,7.516888077078487,3.7381052605285463,4.044107899698249,3.4330301333761097,20.376623187657323,3.897149742777823,100.0,False,80.47471012256814
Tabby,13,5.913012391734147,5.463751716157234,5.870966703901157,3.50730212799125,6.28536831752326,2.640719151203508,6.367735039059498,9.638608484658066,3.2984721651930737,100.0,True,121.970539858951
Orange,5,2.610216617591588,2.067146418185219,1.4179930014744802,8.742046965327914,4.327074334977935,4.47128675150914,5.361610829438698,23.71259347468559,2.520159108819791,68.74628211572181,False,84.56737936499593
Tabby,13,5.442593153708456,5.10198156876892,6.209770127037326,3.576625294216176,4.046016479494224,2.711280259212795,6.205841519040898,12.09960898753734,1.66187287355421,100.0,False,102.57187863890069
Orange,14,3.999817771230105,3.375617354202693,2.8737265360108784,8.609321753156726,2.069197577861588,5.0,5.487064673942279,15.855301265980794,1.4707624815054097,72.62735034011484,False,86.07207152087355
Orange,10,3.4703858650611616,3.1499871491173055,2.767517818075594,6.794314467596309,3.6582991474711406,4.11752779222143,3.946730982349128,30.0,4.260664013130501,70.83159916255038,False,64.25863768665893
Tabby,6,3.958111623594139,3.543075823282051,3.904196166499915,5.711064604819561,5.91585026812144,3.0105665868674683,6.055420049394214,23.63030906586723,2.1264488884095925,68.2553425500389,False,94.8808151197748
Orange,8,4.362577729854463,2.9799055914082837,2.862021028764737,8.323172691685912,2.8960112642755793,4.536340964240808,5.703058844916865,29.112141742535016,4.118770655473985,76.0088146614135,False,74.24581601271542
Orange,14,5.89509957461697,6.939391626126706,4.175375397443993,7.343599630258469,4.029761742598637,4.569076130564115,5.1974008652356085,,,,False,93.09453593030122
Tabby,8,5.563471237681206,5.592265740105188,4.6286523610287995,4.46440229886509,5.360137278093351,2.7943141997865264,6.228510547156612,23.61087116570001,2.2708532343457963,99.89087782313868,False,101.72293194744434
Tuxedo,1,7.191589982797518,5.141802537550464,6.292865802017771,5.236038115195278,5.413067535178372,3.1435951624929777,4.6426039414422275,11.26804544095759,2.7331286412078537,100.0,True,126.05890165353952
Tabby,11,6.683106788707491,7.113327679932909,7.339689688992964,3.64865420384671,7.110325834445025,2.101766650635252,4.985163876097967,9.44322801459676,0.7932874603439575,100.0,True,144.34953484485888
Orange,7,4.306081816585015,4.063794122912255,3.658757478931545,8.079606113911385,3.2787702272430104,4.905127379843414,3.831868692531762,24.691600488785593,2.5836708163307316,78.92555426865854,False,95.00435780490407
Tuxedo,6,3.478312831644328,2.56327583276552,2.004262839594521,8.338263173413086,3.855148769522245,4.237563591644124,5.222683318717967,30.0,4.878884482024569,74.5824130676705,False,84.81276135075399
Orange,10,1.831866991179132,1.0,1.0,10.0,0.5795964581145356,5.0,472.0055526351351,29.24605990244556,3.9152876595886825,66.05751979215538,False,65.92637263772149
Orange,9,3.6059589411197663,3.5926111601408035,2.696505959762116,9.194173327757234,3.4155030060411806,5.0,4.183015554331167,18.063609902236244,3.820090491916592,97.82807815215789,False,88.39203748844368
Orange,14,6.153449278335826,7.238303909860241,7.63741942270647,3.694121475025556,7.954387745013788,2.4717426460146186,4.226920888012449,15.492658972390256,0.6918504911844311,100.0,False,92.04953973471476
Calico,2,3.1423800768053076,2.767131612212178,2.783253577671392,6.70308310644056,2.8955806574862635,3.4097707740742225,3.594689288901834,26.97748812681329,4.457409368429927,71.16305246945845,False,94.7180871638462
Orange,8,0.2134211770417051,1.0,1.0,8.918573534539146,1.9817652998469235,4.507976158416451,5.871032503829756,23.89410485730984,4.8722797861375176,50.0,False,58.39322159930931
